Word,Count
services,31832
information,28714
may,24605
science,22160
live,20412
use,19697
purch,18952
us,14829
terms,14721
content,11405
advertising,10304
third,10301
new,9761
account,9725
policy,9197
s,8686
time,8314
one,8114
please,8098
access,8096
party,7909
arbitration,7544
also,7045
privacy,6808
including,6664
rights,6448
user,6440
agree,6440
email,6258
provide,5892
website,5695
copyright,5525
cookies,5522
tweet,5502
california,5492
parties,5336
service,5336
year,5332
location,5327
using,5149
southern,5108
see,4998
right,4980
shall,4968
twitter,4954
law,4784
contact,4600
section,4600
computer,4405
google,4400
without,4233
collect,4232
device,4232
tiny,4199
hubble,4196
way,4076
address,4049
form,4048
opt,4048
space,3910
scientists,3891
claims,3886
part,3880
action,3869
class,3864
websites,3864
add,3852
years,3790
n,3761
t,3761
others,3712
and,3688
applicable,3680
certain,3680
or,3680
following,3677
according,3673
get,3547
make,3517
products,3496
waiver,3496
users,3496
share,3490
technology,3486
day,3483
visit,3331
news,3326
data,3318
mobile,3312
browser,3312
notice,3312
old,3299
health,3284
jesus,3284
outbreak,3283
listeria,3283
stem,3283
cells,3282
like,3183
future,3161
court,3128
black,3120
learn,3119
good,3118
disease,3099
north,3099
first,2968
york,2962
getting,2951
provided,2948
password,2946
tailored,2944
connect,2944
rettner,2916
rachael,2916
human,2776
history,2767
means,2761
out,2761
links,2760
responsible,2760
acknowledge,2760
instantly,2759
tweets,2753
instant,2751
dangerous,2745
crab,2738
available,2617
based,2584
web,2581
otherwise,2579
non,2577
world,2576
representatives,2576
material,2576
include,2576
apply,2576
property,2576
back,2574
took,2566
neck,2555
paralyzed,2555
partially,2555
gas,2554
ago,2422
claim,2408
th,2407
person,2398
changes,2395
image,2395
subject,2392
disputes,2392
analytics,2392
connection,2385
thought,2382
heart,2375
weisberger,2371
letzter,2371
boy,2370
universe,2260
updates,2220
via,2213
careers,2209
affiliate,2208
collected,2208
ads,2208
sites,2208
ad,2208
link,2208
liable,2208
page,2208
united,2205
applications,2205
code,2202
in,2201
study,2196
archaeology,2187
rafi,2187
brandon,2187
born,2187
saplakoglu,2187
laura,2187
yasemin,2187
geggel,2187
mindy,2187
specktor,2187
people,2095
blood,2066
purposes,2045
group,2035
want,2032
technologies,2028
set,2028
note,2025
termination,2024
providers,2024
act,2024
legal,2024
provisions,2024
intellectual,2024
settings,2024
sole,2024
sign,2024
leave,2010
nebula,2009
take,1868
must,1862
features,1856
top,1853
understand,1852
stories,1850
post,1849
change,1844
remove,1843
try,1842
pages,1840
related,1840
name,1840
practices,1840
advertisements,1840
binding,1840
company,1840
social,1840
receive,1840
love,1840
man,1839
send,1838
video,1838
follow,1837
term,1837
profile,1837
topic,1834
copying,1834
developer,1834
tap,1834
behind,1833
crack,1830
practice,1830
woman,1827
officials,1826
crucified,1826
brutal,1826
bug,1825
gorgeous,1825
bubbles,1825
lethal,1825
wonky,1825
would,1749
still,1696
re,1676
media,1675
digital,1674
made,1672
process,1668
described,1664
likely,1661
control,1660
city,1658
big,1657
online,1656
marketing,1656
limitation,1656
limited,1656
purchs,1656
mandatory,1656
consent,1656
accordance,1656
affiliates,1656
devices,1656
notification,1656
purchase,1656
protect,1656
discretion,1656
application,1656
evolution,1654
disabled,1654
click,1653
hole,1650
sea,1647
conversations,1646
animals,1646
home,1645
everything,1645
flight,1642
knee,1641
bubble,1641
baby,1641
shipwreck,1641
friday,1641
cured,1641
bone,1641
know,1549
inc,1509
example,1509
another,1494
across,1493
species,1490
course,1490
known,1488
whether,1481
works,1479
step,1479
extent,1476
order,1476
states,1476
copy,1473
product,1472
permitted,1472
loading,1472
uk,1472
purpose,1472
additional,1472
request,1472
terminate,1472
file,1472
forth,1472
associated,1472
arbitrator,1472
comply,1472
expressly,1472
weird,1471
someone,1469
agreement,1469
series,1469
delete,1469
shared,1469
ocean,1466
g,1465
astronomers,1465
death,1464
holes,1462
paul,1462
reports,1462
recently,1462
discovered,1461
lived,1461
bang,1461
young,1459
indian,1458
gray,1458
tolkien,1458
stephanie,1458
denver,1458
gu,1458
skin,1458
supermassive,1458
pappas,1458
best,1354
photos,1339
much,1333
horse,1329
last,1324
similar,1316
ve,1314
today,1306
corporate,1306
assume,1304
reach,1301
possible,1301
sure,1300
event,1296
used,1296
ever,1295
keep,1293
every,1293
spacecraft,1289
choices,1288
written,1288
laws,1288
e,1288
appropriate,1288
loss,1288
fifth,1288
counter,1288
avenue,1288
affiliated,1288
agent,1288
fees,1288
unauthorized,1288
damages,1288
faith,1288
directly,1288
liability,1288
intel,1288
dispute,1288
platform,1288
review,1288
business,1288
partners,1288
security,1288
dmca,1288
except,1288
create,1287
server,1285
app,1285
however,1281
place,1281
anomaly,1280
created,1135
find,1133
april,1130
floor,1122
latest,1122
nasa,1120
three,1118
author,1118
sort,1113
least,1113
effect,1112
european,1110
b,1110
put,1109
always,1109
sent,1108
unless,1108
allow,1108
track,1108
age,1107
username,1105
details,1104
mail,1104
interests,1104
$,1104
disclose,1104
exclusive,1104
resources,1104
posting,1104
arising,1104
copyrights,1104
filing,1104
personal,1104
specific,1104
disclosure,1104
market,1104
infringing,1104
foregoing,1104
demand,1104
collectively,1104
violation,1104
store,1104
dnt,1104
secure,1104
precise,1104
minutes,1104
internet,1104
p,1104
viewing,1103
proceed,1102
amazing,1102
button,1101
url,1101
months,1101
easily,1101
lets,1101
four,1101
capacity,1101
friends,1101
different,1100
delivering,1097
defend,1097
efforts,1097
discovery,1097
center,1097
birthday,1097
finds,1097
paris,1097
environment,1097
life,1025
many,997
number,988
even,979
well,975
yet,975
could,967
matter,958
site,946
humans,945
immediately,942
high,941
system,940
either,940
small,938
wrote,937
sky,937
guide,933
upon,932
appear,929
message,929
state,928
identify,928
questions,928
removed,928
nearly,928
public,928
required,927
wo,926
view,925
jump,925
telescope,925
tech,924
picture,924
give,924
statement,923
rare,923
therapy,923
collection,923
updated,923
full,923
yes,922
looks,921
sometimes,921
sale,921
become,921
c,921
open,921
working,921
talking,921
phone,921
problem,921
catch,921
topics,921
remain,920
badges,920
performance,920
relevant,920
ip,920
jams,920
owner,920
governed,920
relationship,920
toward,920
liquid,920
representative,920
purchases,920
registration,920
tracking,920
partys,920
submit,920
infringement,920
major,920
advertisers,920
perfectly,920
relating,920
network,920
payment,920
sales,920
operating,920
modify,920
interactive,920
disable,920
activity,920
attorneys,920
jurisdiction,920
licensing,920
ii,920
delivery,920
deliver,920
work,920
procedures,920
inquiries,920
obligation,920
necessary,920
electronic,920
legacy,919
looking,918
remember,918
javascript,918
detected,918
unblock,918
youre,917
unfollow,917
accounts,917
care,917
youll,917
embedding,917
thoughts,917
tweeted,917
insight,917
hiccup,917
status,917
option,917
matters,917
hmm,917
momentary,917
happening,917
agreeing,917
elses,917
reply,917
followers,917
unfold,917
pic,917
experiencing,917
comprehensive,917
timeline,917
fastest,917
san,917
reaching,917
icon,917
start,917
cooled,917
retweet,917
hover,917
spend,917
passionate,917
ice,916
bottom,916
launched,916
entombed,916
gene,914
innovation,913
growing,913
fingernails,913
wearable,913
passover,913
die,913
covering,913
offers,913
quantum,913
shipping,913
cloud,913
developing,913
holding,913
thanks,913
shake,912
veins,912
sonar,912
foal,912
siberian,912
leads,912
middle,912
vanished,912
earthquakes,912
permafrost,912
ages,912
unearthed,912
jews,912
preserved,912
week,796
far,769
since,768
enough,766
face,763
international,758
fall,757
program,756
billion,756
milky,756
cosmic,755
march,754
body,753
outside,752
away,750
reason,748
amount,748
resolution,748
little,746
speed,745
interest,745
result,744
materials,744
description,744
important,743
century,742
empire,741
natural,741
creatures,741
belief,741
flash,740
successfully,740
responsibility,740
developed,740
continued,740
thank,740
ways,740
visits,740
development,740
days,739
experiment,739
rules,739
agency,739
operated,739
brain,739
starting,739
famous,737
giant,737
fanciful,737
position,737
balloon,737
american,737
surrounding,737
advised,737
lot,737
help,737
vessels,737
professor,737
easy,736
automatically,736
granted,736
hold,736
federal,736
built,736
huawei,736
authorized,736
respective,736
defined,736
costs,736
effective,736
bydoris,736
bound,736
exceed,736
assigns,736
jones,736
analyze,736
license,736
storesupport,736
enable,736
almost,736
reprints,736
press,736
policies,736
usage,736
trademarks,736
personally,736
agreements,736
members,736
permit,736
periodically,736
teams,736
offered,736
reserves,736
items,736
by,736
accessible,736
marks,736
inquiry,736
reasonably,736
prevent,736
log,736
litigation,736
list,736
publicly,736
teamwilliam,736
trade,736
herein,736
resolve,736
elin,736
delaney,736
wjones,736
conduct,736
provision,736
subsidiaries,736
general,736
cookie,736
physical,736
cdelaney,736
requests,736
retain,736
stored,736
unique,736
enforce,736
prior,736
deemed,736
posted,736
reasonable,736
check,736
salazar,736
requirements,736
modification,736
bizdev,736
pr,736
radiation,735
everyone,734
lord,733
technological,733
stuff,733
observable,733
depths,733
cracked,733
bizarre,733
revealed,733
though,733
dog,733
rock,733
discoveries,733
night,733
magnetic,733
compelling,733
analysis,732
told,732
tough,732
jan,732
eight,732
mile,732
remarkable,732
cell,731
prayer,730
biological,730
versions,730
astronauts,730
fire,730
suddenly,729
metcalfe,729
earthquake,729
twice,729
kimberly,729
disorder,729
kingdom,729
string,729
devotion,729
striking,729
testament,729
portion,729
texas,729
realistic,729
sucked,729
joslyn,729
realized,729
measles,729
hundred,729
undergrad,729
pet,729
frequently,729
notre,729
fluoresce,729
fingers,729
tips,729
tissue,729
toes,729
warg,729
twenty,729
fevered,729
w,729
weeks,729
werth,729
fantastical,729
primates,729
printed,729
questioning,729
geek,729
scotland,729
rumbles,729
roman,729
romans,729
salvagers,729
alchemists,729
shakier,729
obsessed,729
solemnity,729
siemiatkoski,729
rain,729
observe,729
steel,729
students,729
paramedic,729
rings,729
meats,729
emma,729
attendants,729
expanded,729
baseball,729
went,729
chambers,729
ended,729
watched,729
experimental,729
boom,729
edifice,729
dreams,729
died,729
chariot,729
containers,729
atoms,729
wolf,729
transmuting,729
seeps,729
blocks,729
misty,729
leggy,729
tons,729
lakes,729
jeanna,729
invented,729
experts,729
anywhere,729
horrific,729
coast,729
cnn,729
assistant,729
cheeses,729
circulation,729
tom,729
restored,729
tendon,729
beast,729
foreplay,729
sharp,729
attendant,729
hickok,729
hidden,729
building,729
bryce,729
imperial,729
imaginations,729
shield,729
a*,729
whales,729
rome,729
slam,729
evaporates,729
thousand,729
cathedral,729
college,729
millipedes,729
cross,729
christians,729
physiology,729
deli,729
cargo,729
sprout,729
stretching,729
charioteer,729
gathers,729
casings,729
started,729
engulfed,729
cocktail,729
overheard,729
antonio,729
teeth,729
lexicon,729
captured,729
bari,729
window,729
israel,729
israeli,729
immune,729
dinosaur,729
architecture,729
ja,729
falls,729
tied,729
critters,729
dame,729
infants,729
photobombing,729
dimensional,729
sliced,729
smallest,729
dutch,729
mexico,729
alive,729
london,729
fascinating,729
south,729
usually,729
womb,729
commonly,729
bright,729
baja,729
interplanetary,729
gold,729
graceful,729
archaeological,729
graced,729
races,729
miller,729
sara,729
crucifixion,729
boots,729
daniel,729
sutter,729
radical,729
frustrating,729
bryner,729
soup,729
sagittarius,729
element,729
coma,729
produced,729
intense,729
game,729
mainstream,729
migrating,729
beats,729
crashes,729
digits,729
waters,729
hot,729
severe,729
magnetar,729
lightshow,729
explorers,729
ponds,729
disappear,729
mars,618
government,588
planet,588
long,580
able,572
circumstances,568
else,568
common,568
read,564
ideas,564
record,563
seek,563
repeat,563
true,562
believe,562
claimed,561
methods,560
visitors,560
mistake,560
technical,560
designed,560
offer,560
period,558
detailed,558
tools,556
support,556
next,556
ask,556
passively,556
sending,556
attempt,556
local,556
finally,556
resulting,556
facebook,556
protection,556
transmission,556
launch,556
mission,555
receiving,553
engine,553
misuse,553
millennium,553
document,552
digitrust,552
copyrighted,552
provider,552
android,552
compliance,552
subsection,552
reserve,552
protecting,552
display,552
notices,552
conflict,552
designated,552
comments,552
interact,552
intended,552
confidential,552
infringe,552
contractual,552
conditions,552
credit,552
effort,552
governs,552
impressions,552
district,552
dealings,552
union,552
feedback,552
audience,552
family,552
cost,552
enables,552
iii,552
entitled,552
bring,552
format,552
expenses,552
accordingly,552
materially,552
demographic,552
damage,552
consumer,552
behalf,552
proprietary,552
evaluate,552
thereof,552
affected,552
transactions,552
children,552
update,552
a,552
brand,552
aware,552
recommend,552
reference,552
regarding,552
participate,552
perks,552
researching,552
processors,552
respect,552
wish,552
browsers,552
remedy,552
relief,552
intels,552
pro,552
individual,552
basis,552
obtain,552
smartphones,552
locations,552
prohibited,552
within,552
endorse,552
accessing,552
together,552
waive,552
serve,552
guarantee,552
lawsuit,552
thirty,552
vi,552
taking,552
representations,552
successors,552
official,552
amd,552
programs,552
includes,552
placed,552
represent,552
fee,552
notify,552
networks,552
servers,552
release,552
incorporated,552
initiated,552
infringes,552
warrant,552
resident,552
particular,552
communications,552
held,552
acceptance,552
enforcement,552
industry,552
void,552
plans,552
writing,552
grant,552
risk,552
clear,552
covered,552
storage,552
systems,552
function,552
shoppers,552
ability,552
ancient,444
said,428
alien,428
comets,421
hungry,417
found,415
might,410
research,403
experience,393
around,391
two,390
anyone,389
given,388
rocket,386
publisher,386
moon,386
going,384
already,384
recognize,384
entire,383
making,381
beyond,380
strongly,380
keeping,380
proof,380
despite,379
main,378
team,378
finding,377
d,377
due,377
caused,376
money,376
interpretation,376
signals,376
visited,376
among,375
allows,374
standard,374
date,373
episode,373
speculation,372
mean,372
contain,372
formation,372
surface,372
completely,372
crew,372
question,372
secrets,372
interested,372
current,372
opportunity,372
generation,372
appears,372
continue,371
previously,371
perform,371
case,371
instances,371
communication,369
test,369
makes,369
factor,369
valid,369
award,369
coming,369
of,369
id,369
memory,369
report,369
sharing,368
processing,368
provides,368
choose,368
statute,368
pursuant,368
alliance,368
standards,368
maintain,368
spacex,368
received,368
statutory,368
strictly,368
preferences,368
present,368
pc,368
opting,368
mechanisms,368
unauthorised,368
marketers,368
pixels,368
picks,368
measures,368
suffered,368
penalty,368
member,368
expand,368
respects,368
goods,368
officers,368
offerings,368
truly,368
objectionable,368
operate,368
optimize,368
multiple,368
rutrum,368
byelizabeth,368
return,368
sub,368
pay,368
smartphone,368
solely,368
shareholders,368
specified,368
ramp,368
arbitrate,368
functionality,368
techmedianetworks,368
free,368
interpreted,368
violates,368
occur,368
trademark,368
ucff,368
recognise,368
networking,368
regardless,368
move,368
hereunder,368
slow,368
submission,368
telephone,368
knowingly,368
sections,368
judicial,368
judgment,368
suppliers,368
target,368
safety,368
breach,368
prohibits,368
severability,368
intent,368
transformative,368
scope,368
reproduce,368
truste,368
inform,368
incurred,368
separate,368
offensive,368
linked,368
de,368
customize,368
gender,368
interactions,368
v,368
competent,368
commission,368
aggregate,368
gather,368
fullest,368
force,368
treated,368
logs,368
clicks,368
decision,368
floornew,368
language,368
advertised,368
legally,368
displayed,368
earn,368
failure,368
cooperate,368
verify,368
convenience,368
constitute,368
administrative,368
although,368
fraud,368
asserting,368
assigned,368
flagships,368
introduced,368
abide,368
beacons,368
beneficiaries,368
block,368
enterprise,368
harmless,368
campaign,368
whole,368
calendar,368
indemnify,368
customized,368
visiting,368
contract,368
activities,368
engaged,368
reliance,368
ready,368
personalized,368
announcements,368
modified,368
player,368
proximity,368
disclosed,368
portfolio,368
early,368
improve,368
names,368
protected,368
ai,368
invalid,368
promotions,368
projects,368
licenses,368
processor,368
generated,368
discontinuance,368
apple,368
xeon,368
opinions,368
maximum,368
expedite,368
misidentification,368
warranties,368
sony,368
solutions,368
entered,368
essential,368
carefully,368
expect,368
directors,368
notifications,368
offenders,368
marston,368
geolocation,368
authority,368
divisions,368
respond,368
govern,368
constitutes,368
accept,368
screen,368
manufacturing,368
campaigns,368
distribute,368
exciting,368
searches,368
extremely,368
byscott,368
iv,368
f,368
integrated,368
aliquet,368
dragon,368
initial,368
financial,368
relates,368
byamy,368
fingerprint,368
finished,368
tort,368
florida,368
howell,368
assist,368
snowden,368
encourage,368
type,368
mini,368
applies,368
approach,368
apps,368
delegated,368
designees,368
contains,368
consistent,368
thompson,368
consectetur,368
nucs,368
absolute,368
replacement,368
criminal,368
targeting,368
debit,368
suspend,368
decisions,368
aenean,368
agencies,368
transfer,368
billing,368
defenses,368
edit,368
gifs,368
providing,368
promotional,368
restriction,368
beacon,368
card,368
indirectly,368
bygeorge,368
ensure,368
employees,368
emails,368
spending,368
accuracy,368
sets,368
obligations,368
administrator,368
describes,368
expense,368
derivative,368
defense,368
patents,368
actions,368
steps,368
perjury,368
celebrate,368
availability,368
adopt,368
advise,368
ultra,368
tempus,368
urls,368
committed,368
compact,368
sellers,368
agreed,368
companys,368
agents,368
channels,368
saturday,368
arbitrators,368
encoded,368
swear,368
identity,368
illegal,368
referred,368
enhance,368
operator,368
grow,359
earth,306
evidence,242
fact,236
objects,228
area,228
times,227
million,224
researchers,221
called,219
june,216
show,212
book,209
january,209
say,209
events,209
need,208
solar,208
single,208
photographs,208
west,206
near,205
exactly,204
sun,204
began,204
look,204
ny,203
street,203
launches,202
experiences,202
map,202
nd,202
leading,202
extraterrestrial,201
signs,200
special,200
alleged,200
suggest,200
messages,200
foreign,200
round,200
travel,200
zone,197
lack,196
reasons,196
direct,196
edge,196
wall,196
probably,196
richard,196
got,196
red,196
issues,194
past,194
stop,193
false,193
lines,193
better,193
tv,193
ed,192
exist,192
search,192
shadow,192
shaped,192
running,192
etc,192
sized,192
located,192
orbiter,192
error,192
various,192
generally,192
region,192
origin,192
self,192
landing,192
transmissions,192
equivalent,192
creating,192
discover,192
doubt,192
stated,192
nothing,192
decide,192
external,192
theory,191
chance,190
hope,190
accelerator,190
seen,190
uses,189
offering,189
line,189
write,189
nearby,188
identified,188
preservation,188
benefit,188
puts,188
arise,188
range,188
applied,188
virginia,188
emergence,188
served,188
suspect,188
rest,188
meet,188
strong,188
entirety,188
gear,188
thus,188
possibility,188
limiting,188
rather,188
managed,188
meaning,188
permission,188
monitor,188
bymike,188
neither,188
push,188
adapt,188
hunting,188
spent,188
francisco,188
driven,188
released,188
whatever,188
safari,188
wild,188
regard,188
existence,188
combined,188
respectively,188
wide,188
quickly,188
whose,188
require,188
lights,188
consider,188
operation,188
array,188
keen,188
clips,188
oral,188
determine,187
followed,187
creates,187
parts,187
earliest,187
awaited,187
cycle,187
obtained,187
sufficient,187
favor,187
highly,187
behavior,187
recent,187
statistical,187
testing,186
files,186
x,186
results,186
music,186
evaluating,186
context,185
mediums,185
breathing,185
problems,185
beliefs,185
knowledge,185
suite,185
outstanding,185
concerning,185
incorrect,185
paid,184
optimal,184
addresses,184
periods,184
vii,184
controlling,184
orville,184
pivot,184
antares,184
continuing,184
registering,184
broadly,184
bracket,184
allegedly,184
restrictions,184
retention,184
alliances,184
on,184
revocable,184
alterations,184
rgb,184
therein,184
ride,184
safeguards,184
scans,184
sfx,184
terminated,184
beautifully,184
signify,184
awards,184
audiences,184
announced,184
alerts,184
byjesse,184
consultation,184
byrafi,184
considered,184
connecting,184
adobes,184
vary,184
conducted,184
concluded,184
pressure,184
priority,184
proceeding,184
processed,184
competition,184
prohibition,184
trendsetters,184
prospectively,184
publish,184
pultarova,184
transferred,184
clarity,184
clarify,184
racial,184
cadence,184
punitive,184
extend,184
omissions,184
statements,184
unenforceable,184
types,184
turpis,184
negligence,184
negotiations,184
titles,184
nightjar,184
thoughtful,184
noting,184
terminology,184
tcp,184
observes,184
odio,184
submitted,184
sublicensable,184
updating,184
mozilla,184
validity,184
zotac,184
laptops,184
launching,184
licenseable,184
locate,184
advances,184
accurate,184
youve,184
valuable,184
membership,184
whatsoever,184
weve,184
misrepresent,184
misrepresents,184
views,184
streamlined,184
ssl,184
attest,184
originated,184
referring,184
recover,184
pre,184
presence,184
radar,184
properly,184
promote,184
publicity,184
privately,184
preserve,184
powers,184
political,184
purchased,184
permissible,184
per,184
relate,184
popularity,184
remains,184
shopsavvy,184
speaker,184
solution,184
sold,184
outlined,184
slower,184
owned,184
participation,184
residing,184
permits,184
sata,184
ryzen,184
revenue,184
playlists,184
respecting,184
assistance,184
avoidance,184
nj,184
dispatch,184
geography,184
exposed,184
fail,184
fly,184
firefox,184
fingerprinting,184
facility,184
flagship,184
explicit,184
frequency,184
emailing,184
elit,184
ds,184
domestic,184
domain,184
gmt,184
gorilla,184
excluding,184
economic,184
meaningful,184
maintaining,184
losses,184
delay,184
licensor,184
lb,184
editorial,184
engineered,184
edt,184
item,184
educate,184
eligibility,184
encrypted,184
inability,184
distinguish,184
governing,184
joint,184
disbursements,184
chrome,184
incidental,184
inferences,184
changing,184
cause,184
categories,184
cart,184
carrier,184
informationwe,184
bychelsea,184
buyers,184
irrevocable,184
itdm,184
barcodes,184
banners,184
how,184
collective,184
commerce,184
handle,184
disassemble,184
acts,184
develop,184
guidance,184
derived,184
deny,184
hearing,184
companies,184
creditor,184
credentials,184
country,184
count,184
contained,184
completing,184
directed,184
formats,184
active,184
exercise,184
friendly,184
enforceability,184
enforceable,184
entry,184
fails,184
expire,184
exceeding,184
excluded,184
gannon,184
exceeds,184
exercised,184
exit,184
errors,184
equity,184
enormous,184
enforced,184
fulfilling,184
employee,184
employer,184
infringed,184
department,184
itdms,184
ios,184
determinations,184
disclaimersyou,184
instagram,184
initiatives,184
documentary,184
embarcadero,184
indirect,184
indemnity,184
inclusion,184
inactivity,184
drafter,184
harm,184
handling,184
endeavor,184
explorer,184
deleting,184
grounds,184
cbg,184
capsule,184
capacities,184
call,184
gigabyte,184
brands,184
greet,184
becoming,184
classifies,184
handsets,184
heirs,184
attorney,184
helps,184
association,184
appearance,184
analytical,184
chipset,184
fpga,184
extended,184
dates,184
effectively,184
drives,184
featuring,184
downloading,184
discontinue,184
disagreement,184
defining,184
customers,184
formal,184
cpu,184
flown,184
consumers,184
consult,184
confusion,184
confirm,184
compilation,184
journey,184
decides,184
altera,184
badge,184
arranged,184
arrive,184
technicians,184
supplier,184
supplied,184
astronomical,184
awarding,184
bind,184
touch,184
software,184
blocking,184
sensitivity,184
selected,184
broad,184
scanned,184
sabre,184
text,184
traded,184
bymegan,184
voluntarily,184
yu,184
accesses,184
widgets,184
weitering,184
webpage,184
adobe,184
affects,184
voidable,184
treaty,184
violations,184
viewable,184
uploading,184
typically,184
altogether,184
amendments,184
trusted,184
byjeff,184
bytereza,184
debtor,184
monday,184
controller,184
nulla,184
cooling,184
corrected,184
northrop,184
newest,184
motherboards,184
modifying,184
operators,184
couple,184
courts,184
milestones,184
mental,184
medium,184
currently,184
machines,184
controlled,184
contractors,184
retailers,184
choice,184
camera,184
reside,184
representing,184
rates,184
psu,184
child,184
prepared,184
chosen,184
ownership,184
positive,184
plaintiff,184
permitting,184
permanently,184
perfect,184
combine,184
completeness,184
identifier,184
identifiers,184
advertiser,184
functionalities,184
hourglass,184
sexual,184
sff,184
hereby,184
governmental,184
gauge,184
functions,184
fully,184
imminent,184
paragraphs,184
fonts,184
silverstone,184
feature,184
fax,184
expiration,184
eufor,184
settle,184
implemented,184
sockets,184
sanction,184
limitations,184
likes,184
layer,184
reveal,184
largest,184
risks,184
inure,184
intentions,184
impression,184
searched,184
season,184
inspire,184
infer,184
sensitive,184
independent,184
incur,184
emspak,184
duration,184
registrations,184
assembled,184
transmit,184
trigger,184
trustes,184
birthdate,184
turn,184
belong,184
athlon,184
aspect,184
byhanneke,184
unexpected,184
areas,184
annual,184
viewed,184
amongst,184
amet,184
affect,184
broadened,184
cache,184
doubleclick,184
cores,184
dolor,184
documents,184
strategic,184
strict,184
suffer,184
supersede,184
county,184
targets,184
closest,184
copies,184
contributed,184
confidentiality,184
complaint,184
compiled,184
competence,184
codes,184
longer,184
manage,184
air,184
spans,184
translate,184
transaction,184
jury,184
timidly,184
thirtieth,184
substantial,184
late,184
socket,184
trial,184
sixty,184
signal,184
shopping,184
logos,184
severed,184
settled,184
sell,184
treat,184
interstate,184
royalty,184
zip,184
aimed,184
aggregated,184
imei,184
importance,184
ach,184
improperly,184
accessed,184
indicate,184
integrate,184
indicating,184
indoor,184
informal,184
version,184
venture,184
value,184
initiate,184
measure,184
methane,184
reflected,184
plus,184
personalise,184
organize,184
personalize,184
office,184
pink,184
piracy,184
objectives,184
nec,184
passing,184
procedure,184
promoters,184
morning,184
moral,184
quam,184
readable,184
merit,184
paragraph,184
penultimate,184
microsoft,184
recommendations,184
resort,184
microsofts,184
requeststhe,184
renowned,184
remedies,184
religious,184
reject,184
null,184
pcs,184
publishers,184
promoting,184
pack,184
presented,184
preliminary,184
preference,184
perpetual,184
qualcomm,184
phones,184
z,184
monitoring,184
attn,184
fashion,184
revoke,184
treaties,184
transferable,184
bear,184
theyre,184
ther,184
conversion,184
theft,184
temporarily,184
needs,184
contacting,184
notwithstanding,184
consequential,184
tasks,184
talk,184
level,184
smarter,184
numbers,184
tags,184
says,184
suspension,184
lease,184
offences,184
conscious,184
survive,184
upload,184
usefulness,184
afternoon,184
manner,184
adopters,184
custom,184
malesuada,184
method,184
ethnical,184
crowdfunded,184
management,184
resolved,184
alteration,184
responding,184
response,184
evgs,184
answers,184
exception,184
retailer,184
executing,184
exomars,184
reviews,184
coupons,184
marketer,184
watch,184
manufacturers,184
somewhat,184
miscellaneous,184
correspondence,184
manufacture,184
arose,184
concern,184
survival,184
computing,184
suggestions,184
powered,184
price,184
invoiced,184
collects,184
proceedings,184
settlement,184
screenshots,184
bymindy,184
sail,184
rover,184
chooses,184
ins,184
initiative,184
infringers,184
revised,184
childrens,184
cancel,184
individuals,184
respected,184
selections,184
select,184
residents,184
immersive,184
capture,184
securely,184
purported,184
regular,184
securitywe,184
plug,184
buying,184
fulfill,184
parodies,184
largely,184
partnership,184
sue,184
patent,184
strength,184
stolen,184
foust,184
branding,184
physically,184
ssds,184
frivolous,184
ssd,184
signed,184
geo,184
sponsors,184
specifically,184
combining,184
spark,184
pinterest,184
gohd,184
sources,184
brief,184
platforms,184
hashed,184
sit,184
majeure,184
ceo,184
huaweis,184
determines,184
grumman,184
refer,184
offline,184
atx,184
windows,184
atmosphere,184
civil,184
clicking,184
go,184
assets,184
redistributing,184
collecting,184
design,184
demographics,184
asset,184
undertaking,184
deletion,184
disclaim,184
hardware,184
instructions,184
install,184
unfortunately,184
upgraders,184
inaccurate,184
incomplete,184
aggressive,184
breaches,184
initiating,184
effectiveness,184
supplement,184
ultimate,184
wallops,184
displaying,184
behaviors,184
reflect,184
hosting,184
holder,184
absent,184
norway,184
electronically,184
eu,184
forward,184
decency,184
entity,184
telephonic,184
misrepresentation,184
construed,184
administered,184
expenditure,184
aorus,184
featured,184
ratify,184
licensors,184
findings,184
america,184
applicability,184
advantage,184
transmitted,184
controllers,184
empowered,184
furthermore,184
factors,184
electronics,184
tablets,184
monetary,184
frequent,184
desktop,184
ensuring,184
lineup,184
embedded,184
condition,184
adipiscing,184
commercial,184
story,180
aliens,174
real,124
reading,81
ufo,63
light,63
intelligent,56
roswell,56
bodies,56
ufos,55
recovered,52
saucer,52
fermi,47
et,47
explain,45
seti,44
skeptical,42
film,41
paradox,41
crashed,40
things,40
pyramids,40
come,37
radio,36
maybe,36
saw,35
actually,35
september,34
antimatter,33
think,33
october,33
civilizations,33
galaxy,32
december,32
secret,32
explanation,32
november,32
mysterious,32
arnold,32
perhaps,32
military,32
inquirer,32
thinking,30
abduction,29
percent,29
worlds,28
let,28
several,28
autopsy,28
often,28
humanity,28
hundreds,28
earlier,28
flying,28
simple,28
experiments,27
stars,27
skeptics,26
circles,25
crop,25
later,25
february,25
benjamin,24
hoax,24
unusual,24
really,24
hoagland,24
implants,24
soon,24
abducted,24
august,24
joe,24
simply,24
constructed,24
indeed,24
base,24
radford,24
planck,24
july,24
magazine,24
robert,24
nickell,24
up,23
summer,23
physicist,23
scientific,22
tip,21
great,21
books,21
breaking,21
intelligence,21
brains,21
myths,21
searching,20
super,20
complete,20
spaceships,20
winter,20
advanced,20
centauri,20
smart,20
planets,20
hard,20
along,20
glass,20
energy,20
proxima,20
trying,19
shows,19
original,19
taken,19
particles,19
spring,18
something,18
community,18
skywatching,18
comment,18
correction,18
came,17
critical,17
project,17
mark,17
invasion,16
dictionary,16
tarter,16
inexplicable,16
none,16
microbes,16
farmers,16
manias,16
decades,16
officially,16
object,16
hoaxes,16
eyewitnesses,16
role,16
silence,16
astronomer,16
cover,16
shown,16
reporters,16
incident,16
psychological,16
phenomena,16
unidentified,16
modern,16
realize,16
footage,16
habitable,16
paralysis,16
point,16
cant,16
sleep,16
occurred,16
skies,16
buffs,16
victims,16
carroll,16
brin,16
water,16
debris,16
university,15
rembold,15
differences,15
background,15
noted,15
microwave,15
short,15
particle,15
decay,14
mind,14
star,14
mystery,14
fields,14
animal,14
&,14
mount,13
encounters,13
quite,13
fish,13
apparently,13
showing,13
washington,13
cosmos,13
sense,13
global,13
beings,13
fossil,13
shoes,12
moment,12
nevada,12
skeptic,12
heavily,12
everybody,12
suggested,12
wheely,12
conspiracy,12
goes,12
trek,12
throughout,12
strike,12
egyptians,12
clearly,12
named,12
martian,12
fox,12
virtual,12
sightings,12
vast,12
anything,12
asteroid,12
lies,12
physics,12
extinction,12
interstellar,12
low,12
destroy,12
soldner,12
craft,12
ear,12
ground,12
hit,12
appeared,12
physicists,12
documented,12
circle,12
trappist,12
places,12
possibly,12
involved,12
writer,12
institute,12
zsearch,12
stuck,11
god,11
nuclear,11
answer,11
national,11
exists,11
watching,11
pointing,11
csicop,10
chupacabra,10
hand,10
lead,10
thing,10
mass,9
carl,9
satanic,9
town,9
bad,9
effects,9
progress,9
collider,9
grand,9
images,9
films,9
imagine,9
folklore,9
esa,9
cattle,9
sagan,9
minds,9
abused,9
balance,9
carbon,8
authorities,8
balloons,8
investigator,8
recognized,8
authenticity,8
ranchers,8
attributed,8
bases,8
thousands,8
attacks,8
capable,8
wishful,8
white,8
phil,8
attribute,8
knows,8
mortem,8
theyve,8
combination,8
lehners,8
cosmically,8
cities,8
geographic,8
occasionally,8
sand,8
arent,8
bykarl,8
arnolds,8
toe,8
theres,8
prompting,8
organs,8
kendrick,8
jupiter,8
plaits,8
suggestion,8
surgically,8
resembled,8
therefore,8
prominent,8
proven,8
puzzle,8
boost,8
butcher,8
diverse,8
forever,8
berserkers,8
supported,8
asks,8
saucers,8
susan,8
tate,8
blackmore,8
sad,8
abducting,8
technologically,8
touted,8
treatment,8
break,8
unnoticed,8
redesign,8
reporting,8
reporter,8
reported,8
implantations,8
transmitters,8
waste,8
wheat,8
trained,8
aid,8
careless,8
extraterrestial,8
tricks,8
weather,8
shin,8
shoestring,8
trip,8
triangular,8
toxic,8
implanted,8
intelligences,8
scavenger,8
bartholomew,8
telescopes,8
amusement,8
complex,8
surveyor,8
seeking,8
resourceful,8
average,8
studies,8
vengeance,8
psychologist,8
hardwired,8
circlesfar,8
staff,8
stahl,8
violence,8
resembling,8
publics,8
assessments,8
stores,8
frazier,8
convincing,8
remarkably,8
metal,8
gods,8
marty,8
managing,8
ranch,8
cut,8
enceladus,8
eastern,8
hispanic,8
sorts,8
kottmeyer,8
ridiculed,8
neutrinos,8
unfortunate,8
deaths,8
columnist,8
dwarf,8
dusty,8
hunt,8
brushes,8
indicates,8
impacting,8
indestructible,8
monuments,8
bryan,8
inconsistencies,8
imagination,8
serious,8
encounter,8
rainer,8
psychologists,8
fun,8
branded,8
drained,8
eyewitness,8
pilot,8
pattern,8
egypt,8
dissection,8
erratic,8
supposed,8
surgical,8
pretty,8
physicians,8
ordinary,8
detection,8
desire,8
processes,8
estate,8
extremities,8
fallible,8
farms,8
nonexistent,8
english,8
propulsion,8
designs,8
definitively,8
pilots,8
cydonia,8
hypothetical,8
rural,8
fireflies,8
debrissome,8
skip,8
spawning,8
livestock,8
absence,8
david,8
dating,8
aligned,8
dumping,8
dont,8
curiously,8
spy,8
climate,8
scars,8
creature,8
misremember,8
superior,8
aircraft,8
doesnt,8
christopher,8
desperately,8
supporting,8
supposedly,8
misunderstand,8
central,8
splinter,8
leader,8
causes,8
close,8
lehner,8
quick,8
americans,8
hoaxers,8
sadistic,8
hiding,8
heads,8
donations,8
happens,8
matches,8
curious,8
shot,8
galactic,8
misinterpreted,8
crash,8
coverup,8
distances,8
correspondent,8
correct,8
corpses,8
waves,8
sighting,8
crazy,8
potential,8
kenneth,8
kevin,8
klass,8
living,8
confessed,8
anachronisms,8
cavity,8
raised,8
duplicate,8
john,8
credibility,8
accompanied,8
crocodile,8
actual,8
deciphered,8
crops,8
longtime,8
aerial,8
popularly,8
nasal,8
cults,8
publishing,8
dark,8
debunked,8
crescent,8
legitimate,8
containing,8
larger,8
lake,8
abductees,8
youd,8
moving,8
oceans,8
viking,8
newspaper,8
grainy,8
dreaded,8
oregonian,8
green,8
wasnt,8
mogul,8
groom,8
scientifically,8
seemingly,8
phrase,8
sex,8
secrecy,8
schulze,8
piece,8
odds,8
minded,8
millennia,8
grasseven,8
meti,8
meteorologist,8
memories,8
leslie,8
precision,8
predation,8
chimps,8
eons,8
broadcast,8
build,8
rocky,8
implanting,8
era,8
organisms,8
instead,8
editor,8
eroded,8
interviewing,8
plagued,8
seeing,8
j,8
reasoning,8
dwarfs,8
bodily,8
enter,8
encountersthose,8
philip,8
marsor,8
conform,8
confirmed,8
harvards,8
artist,8
possibilities,8
makuch,8
hoaxing,8
end,8
especially,8
engineering,8
horizon,8
coauthor,8
barefoot,8
impressive,8
billions,8
doubts,8
feats,8
intrusions,8
shard,8
messaging,8
rape,8
precisely,8
spirited,8
spread,8
nefarious,8
teeming,8
flatten,8
tested,8
nine,8
peaking,8
fiber,8
explanations,8
clung,8
necessarily,8
flap,8
done,8
pointed,8
poorly,8
vaguely,8
soft,8
familiar,8
flew,8
folkloric,8
mexican,8
mack,8
subjected,8
extraterrestrials,8
surfaced,8
sanctioned,8
misperceive,8
television,8
dry,8
vaal,8
satellite,7
giving,7
run,7
clues,7
quality,7
equal,7
dust,7
figure,7
second,7
size,7
inthe,7
alternative,7
theorists,7
ahead,7
observatory,7
reveals,7
certainly,7
engineers,7
happened,7
cp,6
andantimatter,6
model,6
ten,6
muons,6
zscience,6
measured,6
cosmicmicrowave,6
symmetry,6
scanning,6
cosmology,6
charged,6
war,6
quandaries,6
astronomy,6
glimpse,6
cool,6
fermilab,6
antiprotons,6
smashing,6
china,6
tevatron,6
solved,6
shorter,6
psychology,6
reality,6
wars,6
counterparts,6
michael,5
meteor,5
astrology,5
particularly,5
apart,5
president,5
dinosaurs,5
meant,5
strategy,5
captain,5
kind,5
large,5
jane,5
talks,5
paper,5
meme,5
lying,5
incredible,5
religion,5
diversity,5
controversial,5
evil,5
winning,5
reprinted,4
skepticism,4
inhabited,4
byzantine,4
nov,4
novelcontactand,4
roasted,4
theenterprisegang,4
kill,4
kilometers,4
noticed,4
revolution,4
platter,4
wandered,4
prison,4
pulses,4
telepathic,4
capitol,4
versus,4
co,4
jackpot,4
odd,4
forget,4
trapped,4
jolt,4
selection,4
circuits,4
circling,4
onto,4
tweak,4
character,4
inventing,4
improbable,4
tinfoil,4
i,4
ilk,4
instruments,4
timing,4
illustrations,4
infographic,4
tick,4
ca,4
excerpted,4
ceti,4
otters,4
colonization,4
hosts,4
nobel,4
inspiration,4
smack,4
slung,4
harbors,4
ruins,4
pressing,4
replicating,4
sadly,4
noble,4
dino,4
scale,4
scheme,4
deepened,4
saturn,4
impenetrable,4
dedicated,4
millions,4
never,4
rodents,4
nudge,4
pushes,4
pseudoscience,4
nut,4
gravity,4
douglas,4
greedy,4
reactor,4
rockets,4
rely,4
proportion,4
prompted,4
norm,4
discussing,4
probed,4
bratty,4
private,4
instar,4
sends,4
plan,4
enshrined,4
lineage,4
continues,4
suggesting,4
sentence,4
steady,4
stephen,4
purely,4
ensured,4
helpingand,4
subatomic,4
laser,4
orbital,4
buried,4
hill,4
subtle,4
hop,4
solid,4
hear,4
lunar,4
seminal,4
loves,4
drake,4
seven,4
relatively,4
drive,4
davies,4
numerous,4
cartoons,4
neighbor,4
resist,4
shriekback,4
phd,4
peep,4
hey,4
peanuts,4
gift,4
spacefaring,4
beam,4
inherent,4
devoting,4
exoplanet,4
coolerfortniteis,4
definitely,4
excerpt,4
volumes,4
existed,4
confined,4
sci,4
mountain,4
esp,4
obligatory,4
led,4
left,4
fate,4
patches,4
enslaved,4
flip,4
mysteries,4
newfound,4
logically,4
frank,4
wash,4
eridani,4
overlords,4
ecological,4
pick,4
fi,4
wriggling,4
off,4
octopi,4
philosopher,4
kepler,4
philippines,4
perilously,4
comes,4
environments,4
communicating,4
effortas,4
kirk,4
passed,4
encompass,4
explored,4
webb,4
enrico,4
laughing,4
neighbors,4
fromstar,4
roof,4
strumming,4
tackles,4
supply,4
mike,4
discussion,4
dim,4
depressing,4
creative,4
mice,4
meteoroids,4
stretch,4
talkie,4
lawrence,4
me,4
oppression,4
organic,4
mercreatures,4
span,4
outer,4
mated,4
outstrip,4
dearth,4
sharpened,4
nearest,4
hits,4
gap,4
native,4
natal,4
trillions,4
lunch,4
multicellular,4
movie,4
eerie,4
tlc,4
dwellers,4
dolphins,4
nonprofit,4
northern,4
theseti,4
hypotheses,4
idle,4
shame,4
thee,4
nudges,4
numerically,4
fiery,4
school,4
weapon,4
destroyed,4
approval,4
porn,4
artificially,4
dial,4
astrophysicist,4
pulsating,4
believable,4
nobody,4
pictures,4
basic,4
basically,4
pseudo,4
chapter,4
beneath,4
berlin,4
jogging,4
birth,4
characteristics,4
bold,4
bonanza,4
borg,4
island,4
blurry,4
boggling,4
ravens,4
relies,4
pitch,4
y,4
cash,4
incensed,4
impossible,4
profit,4
probes,4
affair,4
ravages,4
anti,4
celled,4
bookthe,4
rabbit,4
bookif,4
interfere,4
quest,4
quarters,4
intervals,4
hours,4
grabby,4
goodall,4
jill,4
jars,4
footing,4
killing,4
focus,4
moons,4
allen,4
pluto,4
fleets,4
coolest,4
loses,4
five,4
conclude,4
adjunct,4
play,4
adherents,4
lucky,4
jerk,4
ones,4
pile,4
decade,4
joke,4
lie,4
killer,4
journeyed,4
furious,4
sallow,4
germany,4
arizona,4
argued,4
civilization,4
genesis,4
path,4
communicate,4
chase,4
claiming,4
analogy,4
lasers,4
clinic,4
announcement,4
paradoxes,4
sampler,4
colonized,4
kicking,4
invent,4
companions,4
extinctions,4
theoretical,4
nice,4
powerful,4
capturing,4
cares,4
catalog,4
thick,4
thestar,4
chemicals,4
chicago,4
lutes,4
thanburger,4
anymore,4
thinkers,4
defunding,4
powder,4
apes,4
engines,4
dominate,4
considerably,4
ellie,4
conversation,4
anger,4
stands,4
canbuy,4
thumbing,4
marching,4
attention,4
widespread,4
crumpling,4
ancestors,4
asteroids,4
astrobiologists,4
published,4
bank,4
bearable,4
energies,4
title,4
budget,4
microgravity,4
wreak,4
microbe,4
tilt,4
boonies,4
tougher,4
mastery,4
brethren,4
arroway,4
corner,4
ambitious,4
vakoch,4
origins,4
astrobiology,4
amatrix,4
globe,4
inside,4
enjoys,4
entirely,4
epsilon,4
indulging,4
slimy,4
indulge,4
evolve,4
promising,4
skepler,4
evolved,4
wiped,4
wellspring,4
icy,4
flops,4
flows,4
sudoku,4
hypothesis,4
eventually,4
astrobiologist,4
eared,4
lawn,4
allowed,4
surf,4
dawn,4
arrow,4
ears,4
leap,4
spurred,4
album,4
lay,4
directive,4
dwelling,4
eavesdrop,4
kinds,4
kids,4
storylines,4
distinctly,4
spotted,4
aired,4
survey,4
estimates,4
poison,4
vanishingly,4
forty,4
pioneering,4
senator,4
fancy,4
colleagues,4
potentially,4
bag,4
favors,4
shells,4
congress,4
dirk,4
simulation,4
situation,4
trillion,4
ata,4
assumptions,4
speaks,4
springs,4
squint,4
plenty,4
asfermi,4
pants,4
walk,4
seawater,4
scurry,4
scoop,4
decent,4
quarter,4
purges,4
youtube,4
extravagantly,4
explained,4
proud,4
reptilian,4
consist,4
bostrom,4
papers,4
preposterous,4
compare,4
complexity,4
probe,4
robots,4
famously,4
trekuniverse,4
sapping,4
prime,4
dental,4
dish,4
strange,4
andes,4
voyaging,4
veined,4
ofchariots,4
boasts,4
wade,4
walkie,4
weakened,4
wearing,4
weaning,4
berserker,4
observing,4
accelerate,4
notion,4
zoom,4
nick,4
whereas,4
ping,4
poignancy,4
visitor,4
bandied,4
visitation,4
neighborhood,4
varied,4
brazil,4
style,4
flick,4
successful,4
succumb,4
extinct,4
suffice,4
volcano,4
phobos,4
tell,4
tended,4
afterward,4
aha,4
unfathomably,4
painted,4
amber,4
oumuamua,4
trekor,4
unrelated,4
unknown,4
brothers,4
unimpeded,4
akin,4
wave,4
announce,4
medelln,4
rank,4
starfleet,4
puny,4
inadequately,4
faa,4
explore,4
illustrated,4
listening,4
fellow,4
pyramid,4
stays,4
exterminating,4
vengeful,4
tribute,4
mighty,4
listen,4
beef,4
tobacco,4
huge,4
tone,4
tend,4
lesser,4
silly,4
occupied,4
eyeless,4
attached,4
stabilizes,4
games,4
exterminate,4
mammalian,4
families,4
focused,4
farther,4
seemed,4
troubling,4
marketplace,4
beer,4
universes,4
prize,4
trillionmiles,4
mastered,4
somebody,4
medical,4
machine,4
breakthrough,4
frigid,4
beloved,4
foothold,4
signaleven,4
blueprints,4
telescopeand,4
havoc,4
learning,4
graphics,4
shadows,4
rise,4
attendees,4
sentient,4
irritated,4
heard,4
honey,4
hewed,4
holocaust,4
senior,4
faction,4
host,4
shout,4
krauss,4
houdinis,4
founded,4
smarts,4
keeps,4
just,4
fast,4
avoid,4
scenario,4
tau,4
less,4
societies,4
bottleneck,4
fromyoung,4
groups,4
habitat,4
bankrolled,4
monsters,4
jerks,4
halo,4
europa,4
ship,4
bigbang,3
toreveal,3
draw,3
disk,3
formed,3
barely,3
expansioncalled,3
expansion,3
director,3
overall,3
calculations,3
scientist,3
perhapsthe,3
formationof,3
showed,3
usingplanck,3
calculate,3
begin,3
represents,3
ofmagnetic,3
willultimately,3
opening,3
zoomed,3
longerwavelengths,3
unitedkingdom,3
nuggets,3
workingon,3
beamed,3
door,3
rewards,3
versusantimatter,3
overantimatter,3
dying,3
findingdefinitive,3
themost,3
reversed,3
bigbangs,3
morecredence,3
imbalance,3
thecold,3
frequencies,3
collisions,3
delight,3
wemeasured,3
ofthe,3
ruling,3
ofboth,3
mesons,3
pairs,3
mirror,3
dimmer,3
strongest,3
task,3
curved,3
mapping,3
manchester,3
streamers,3
thetevatron,3
thenumbers,3
meticulously,3
parapsychology,3
smidge,3
crunches,3
ramifications,3
milkyway,3
gauged,3
onlyarise,3
stillhave,3
oldest,3
ofparticles,3
observations,3
parity,3
observatoryhas,3
pair,3
afterthe,3
deeperunderstanding,3
doubled,3
anexperiment,3
idea,3
cosmological,3
medicine,3
theentire,3
byclara,3
thedepartment,3
twoweeks,3
stefan,3
paths,3
encouragement,3
meson,3
loop,3
models,3
slated,3
percentdifference,3
belt,3
eagerly,3
dzero,3
antimatteracts,3
kaonsand,3
bywatching,3
normal,3
reallynegligibly,3
rays,3
digitally,3
backgrounddifferences,3
negatively,3
smash,3
skewedtheir,3
rapid,3
tackle,3
heavens,3
hopes,3
andhave,3
amounts,3
unlikely,3
asymmetry,3
insights,3
antiparticles,3
universemany,3
thepossibility,3
inbatavia,3
sincethe,3
mottledbackdrop,3
psychic,3
beingconsistent,3
thisasymmetry,3
cold,3
buildingup,3
charge,3
detector,3
certainmatter,3
echoes,3
settling,3
gives,3
announcementthat,3
hsu,3
thoseheavy,3
hoping,3
tilted,3
atom,3
tauber,3
tocatch,3
token,3
ill,3
imageitself,3
protons,3
paranormal,3
giverise,3
hint,3
twin,3
stepfor,3
andbelow,3
exploration,3
illinois,3
conceivedfor,3
protonsand,3
visible,3
plancksatellite,3
stefansoldner,3
vexing,3
eldorado,3
southwood,3
quantity,3
yearsof,3
scales,3
battleagainst,3
reactions,3
inflation,3
collision,3
robotic,3
laboratory,3
clue,3
shine,3
job,3
encouraging,3
somenew,3
tipped,3
antimuons,3
harvest,3
slightbehavioral,3
asantimuons,3
tricky,3
kaon,3
toan,3
closer,3
slight,3
foreground,3
represented,3
moskowitz,3
biggerimbalance,3
samedirection,3
positively,3
forany,3
brightly,3
more,3
longsuspected,3
butscientists,3
byjeremy,3
delusion,2
mesmer,2
band,2
girl,2
blog,2
shakespeare,2
revisited,2
phrenology,2
reserved,2
robot,2
accepting,2
art,2
consciousness,2
mall,2
race,2
bigfoot,2
doomsday,2
podcast,2
dunning,2
+,2
myth,2
difficult,2
theories,2
bravely,2
police,2
gun,2
power,2
nonsense,2
misinformation,2
brian,2
fiction,2
theme,2
added,2
mom,2
vs,2
psi,2
tests,2
crowdfunding,2
magnet,2
retweeted,2
sorry,2
squaring,2
misconceptions,1
seem,1
oldskoolrecording,1
organization,1
miracle,1
outracing,1
obesity,1
polygraph,1
luck,1
foreigner,1
lab,1
creeping,1
land,1
prophets,1
questionable,1
sensory,1
contributor,1
saving,1
quid,1
dc,1
minorities,1
medjugorje,1
homicide,1
selfish,1
smoke,1
awesome,1
producers,1
gardner,1
sports,1
rule,1
russia,1
neuropathology,1
doyle,1
panic,1
road,1
nostradamus,1
illusions,1
shelley,1
peele,1
coincidences,1
rainier,1
po,1
perception,1
bashing,1
aids,1
etching,1
photo,1
legend,1
understanding,1
persuasion,1
racism,1
proving,1
awe,1
celebration,1
footprints,1
mueller,1
slate,1
nw,1
epic,1
chasing,1
ulcers,1
webhelp,1
privacystatementcenterforinquiry,1
darkness,1
presidency,1
allrightsreserved,1
scared,1
russian,1
hobbit,1
crowdfund,1
graham,1
honesty,1
heal,1
visions,1
horror,1
arrested,1
assessment,1
eyes,1
thats,1
illogic,1
atlantis,1
included,1
explosion,1
fainting,1
getfullyear,1
hypnosis,1
sight,1
slayer,1
evangelist,1
enthusiast,1
endless,1
soundtracks,1
egyptian,1
all,1
jordan,1
jour,1
spontaneous,1
legends,1
daedalus,1
cult,1
syndrome,1
st,1
geologists,1
falling,1
unclassy,1
mirage,1
optical,1
opinion,1
oilandgold,1
franklin,1
examined,1
surviving,1
podcaster,1
politicization,1
possession,1
progressophobia,1
mythology,1
fascination,1
murray,1
propoganda,1
fell,1
autism,1
fertility,1
mill,1
reclusive,1
martin,1
themes,1
lost,1
forebears,1
retrospect,1
jinxed,1
japan,1
treatments,1
ironic,1
interviewed,1
interesting,1
ann,1
the,1
forgot,1
cradle,1
antiscience,1
christian,1
pharmaceutical,1
superstition,1
percy,1
analyzing,1
amherst,1
deniers,1
celebrity,1
tesla,1
dna,1
threat,1
doe,1
alpha,1
contagion,1
articles,1
attempting,1
smusic,1
trouble,1
bacteria,1
condon,1
columbus,1
conan,1
technique,1
prophest,1
creek,1
reincarnation,1
puffery,1
punishment,1
cancer,1
catastrophism,1
veterinary,1
creationism,1
tunnels,1
muslim,1
columbia,1
apocalypse,1
champions,1
magical,1
mann,1
elusive,1
debunks,1
tune,1
abduct,1
microscope,1
beauxtickets,1
debunking,1
monster,1
muddle,1
storytellers,1
subliminal,1
appreciation,1
appreciate,1
vaccines,1
whyanythingwhythis,1
wayne,1
critiques,1
wildlife,1
warming,1
blank,1
vividness,1
creationist,1
velikovsky,1
urban,1
breakdowns,1
palmistry,1
gesture,1
manhunter,1
daughter,1
islamic,1
firewalking,1
magnetism,1
jive,1
maps,1
about,1
megavitamins,1
guardian,1
detectives,1
disturbing,1
wonder,1
doppelgangers,1
du,1
favourite,1
conspiracies,1
likeness,1
composed,1
combustion,1
anniversary,1
fought,1
franz,1
clarke,1
gaps,1
chances,1
champ,1
cfi,1
ghosts,1
article,1
chiropractic,1
bands,1
bermuda,1
pearl,1
compassion,1
complain,1
mania,1
dead,1
losing,1
creators,1
mayhem,1
delusions,1
maternity,1
joel,1
invisible,1
oliver,1
diagnosis,1
maraboli,1
disrespect,1
nutrition,1
tapping,1
illness,1
ward,1
malevolent,1
magicians,1
triangle,1
twain,1
negatives,1
rss,1
sacks,1
fifteenth,1
epidemic,1
numerology,1
facilitated,1
extremists,1
voodoo,1
eviltwin,1
beachrock,1
battles,1
patients,1
schooler,1
detective,1
mirrors,1
dermo,1
harbor,1
measuring,1
dehoaxing,1
declassified,1
attempted,1
selling,1
head,1
burzynski,1
serpent,1
hemisphere,1
cyberterrorism,1
neural,1
nikola,1
develops,1
greater,1
spiritual,1
odysseys,1
pulled,1
govegan,1
overnight,1
gathering,1
doctor,1
stardust,1
doppelganger,1
poltergeist,1
politics,1
pointy,1
druyan,1
creeps,1
snopes,1
literally,1
activists,1
heroine,1
asked,1
arthur,1
biorhythm,1
armageddon,1
arguments,1
birds,1
houdini,1
anderson,1
amnesia,1
raises,1
randi,1
ray,1
box,1
accused,1
controversies,1
ztarr,1
wound,1
remote,1
hysterias,1
iridology,1
roswellian,1
homeopathy,1
knew,1
targeted,1
tales,1
clairvoyant,1
steve,1
le,1
speaking,1
antartica,1
