Word,Count
brain,71
alzheimers,67
people,65
mother,61
father,55
medicine,53
health,49
disease,49
patients,47
year,47
march,44
drug,41
risk,37
exercise,37
home,36
company,36
medical,34
son,34
help,33
degree,32
life,31
director,31
school,31
implants,30
retired,30
drugs,30
daughter,29
graduated,28
treatment,28
couple,28
president,27
state,27
brides,26
high,26
blood,26
week,25
science,24
studies,24
researchers,24
percent,23
care,23
family,21
dementia,21
trial,21
women,20
research,20
date,19
college,19
found,18
want,18
friend,18
made,18
graduated,18
house,18
later,18
gallery,18
level,18
something,18
remains,18
law,18
months,17
effects,17
tax,17
take,17
groom,17
s,17
around,17
among,17
best,17
pressure,17
thomas,17
executive,17
million,17
think,17
con,17
las,17
masters,17
california,16
well,16
fat,16
team,16
four,16
church,16
center,16
cemetery,16
heart,16
odonovan,16
states,16
city,16
news,16
know,16
never,16
part,16
doctors,16
united,16
together,16
went,15
good,15
court,15
friends,15
fecal,15
study,15
brown,15
took,15
asked,15
philadelphia,15
old,15
una,15
age,15
chief,15
american,15
known,15
came,15
human,15
enough,15
beach,15
world,15
gagosian,15
important,15
firm,15
chavkin,15
make,14
see,14
really,14
needed,14
show,14
least,14
bride,14
washington,14
related,14
six,14
told,14
husband,14
baptist,14
trials,14
using,14
treat,14
early,14
need,14
often,14
less,14
days,14
since,14
public,14
shes,14
street,14
roithmayr,14
michael,13
used,13
sound,13
surgery,13
helmond,13
left,13
cognitive,13
whether,13
death,13
role,13
wanted,13
thing,13
come,13
learned,13
stool,13
place,13
data,13
story,13
making,13
started,13
end,12
breast,12
c,12
though,12
love,12
find,12
lot,12
social,12
vice,12
statin,12
body,12
se,12
artists,12
clinical,12
might,12
look,12
visceral,12
gave,12
memory,12
scientists,12
along,12
right,12
say,12
taking,12
recently,12
likely,12
better,12
next,12
credit,12
potential,12
late,12
job,12
smell,12
light,11
away,11
bar,11
second,11
como,11
book,11
thought,11
space,11
far,11
dating,11
al,11
angeles,11
real,11
sense,11
use,11
management,11
person,11
es,11
already,11
month,11
follow,11
moved,11
hadestown,11
name,11
business,11
institute,11
moran,11
cause,11
works,11
head,11
personal,11
television,11
reduce,11
professor,11
minister,11
knew,10
sandra,10
members,10
hes,10
mice,10
keane,10
cholesterol,10
evidence,10
mary,10
mrs,10
development,10
assistant,10
results,10
co,10
living,10
agency,10
associate,10
worked,10
club,10
almost,10
woman,10
future,10
control,10
su,10
brandon,10
problems,10
doesnt,10
history,10
senior,10
services,10
earlier,10
event,10
testing,10
john,10
food,10
q,10
hill,10
common,10
market,10
little,10
someone,10
across,10
sure,10
live,10
stay,10
products,10
painting,10
ill,10
implant,9
decision,9
man,9
daily,9
panel,9
mass,9
spring,9
media,9
transplants,9
cramer,9
mount,9
colleagues,9
involved,9
lower,9
soon,9
conditions,9
yet,9
major,9
felt,9
without,9
government,9
final,9
getting,9
whose,9
federal,9
west,9
various,9
record,9
series,9
foundation,9
review,9
thats,9
treatments,9
baldwin,9
published,9
cancer,9
sent,9
ever,9
catholic,9
shows,9
ohio,9
del,9
big,9
meeting,9
cum,9
stage,9
london,9
rev,9
&,9
put,9
diff,9
dollars,9
david,9
financial,9
us,9
former,9
bones,9
five,8
happen,8
led,8
issues,8
laude,8
looking,8
rabbi,8
mark,8
read,8
manager,8
canceled,8
hard,8
trump,8
impairment,8
insurance,8
m,8
district,8
young,8
fla,8
performed,8
third,8
justice,8
cardiovascular,8
museum,8
founder,8
small,8
universal,8
plains,8
ceremony,8
today,8
given,8
national,8
at,8
true,8
prison,8
selling,8
hope,8
turned,8
type,8
professional,8
statins,8
anything,8
va,8
currently,8
ago,8
supplements,8
st,8
theres,8
therapy,8
patient,8
department,8
comes,8
ask,8
th,8
robert,8
others,8
dinner,8
seen,8
done,8
summer,8
always,8
ive,8
child,8
start,8
palm,8
artist,8
este,8
showed,8
question,8
died,8
condition,8
administration,8
project,8
different,8
parent,8
coffins,8
comet,8
bad,8
eventually,8
engineering,8
attention,8
jersey,7
international,7
associated,7
bleckner,7
case,7
following,7
june,7
experts,7
basquiat,7
information,7
partner,7
participate,7
questions,7
saying,7
clear,7
hour,7
ad,7
biogen,7
fact,7
false,7
bank,7
healthy,7
running,7
costs,7
helped,7
childhood,7
surgeons,7
prevent,7
north,7
reduced,7
matter,7
levels,7
large,7
boston,7
side,7
magna,7
middle,7
ayer,7
dingman,7
medications,7
move,7
member,7
j,7
similar,7
failed,7
moment,7
considered,7
april,7
paintings,7
prescription,7
civil,7
shown,7
feel,7
black,7
caregivers,7
clinic,7
r,7
technology,7
lost,7
lo,7
board,7
january,7
coffin,7
hours,7
analyst,7
private,7
hospital,7
outside,7
youre,7
active,7
area,7
diseases,7
pharmaceutical,7
term,7
george,7
theyre,7
appears,7
addition,7
estate,7
up,7
gamma,7
amyloid,7
version,7
depression,7
although,7
develop,7
wrote,7
leader,7
played,7
republican,7
taken,7
couldnt,7
queen,7
example,7
arts,7
trying,7
author,7
parents,7
page,7
prevention,6
owner,6
spent,6
share,6
kinnard,6
special,6
consultant,6
ran,6
marriage,6
british,6
lived,6
lehman,6
set,6
democrat,6
learning,6
buried,6
effective,6
events,6
announced,6
founded,6
doctor,6
site,6
country,6
md,6
free,6
boss,6
night,6
mitchell,6
changes,6
named,6
organization,6
diet,6
pretty,6
alexander,6
brought,6
added,6
e,6
showing,6
community,6
marie,6
sign,6
deep,6
measure,6
michigan,6
reporter,6
si,6
names,6
daniel,6
developing,6
yaffe,6
apartment,6
marden,6
magazine,6
twitter,6
lymphoma,6
field,6
reviews,6
fish,6
nonprofit,6
whos,6
findings,6
returned,6
moriah,6
decided,6
scott,6
mom,6
vote,6
raised,6
ingls,6
hills,6
older,6
schnabel,6
queens,6
richard,6
compared,6
power,6
east,6
practice,6
war,6
sus,6
thousands,6
open,6
scene,6
income,6
hotel,6
everything,6
royal,6
approach,6
certain,6
hoping,6
roman,6
mushrooms,6
approved,6
receiving,6
passed,6
myers,6
point,6
says,6
diagnosis,6
determine,6
america,6
support,6
construction,6
activity,6
number,6
arch,6
tried,6
roles,6
mild,6
phone,6
stein,6
key,6
men,6
production,6
plastic,6
expenses,6
facebook,6
teacher,6
restaurant,6
castelli,6
nasal,5
sometimes,5
werner,5
kansas,5
room,5
definitely,5
bodies,5
details,5
designer,5
seemed,5
antonio,5
reading,5
nurse,5
spend,5
representative,5
lead,5
coronary,5
answers,5
piece,5
americans,5
whats,5
staff,5
andrew,5
secretary,5
app,5
qu,5
sell,5
topol,5
cure,5
expensive,5
served,5
seven,5
according,5
georgetown,5
schwartz,5
indeed,5
reported,5
park,5
close,5
class,5
recent,5
quite,5
effectively,5
supreme,5
carolina,5
chronic,5
pa,5
walked,5
arizona,5
party,5
downtown,5
studio,5
bill,5
design,5
types,5
article,5
become,5
phoenix,5
difficult,5
families,5
eric,5
music,5
ways,5
openbiome,5
timbrell,5
opening,5
inspired,5
cant,5
juice,5
particularly,5
changing,5
bigger,5
cambridge,5
tests,5
keys,5
call,5
increase,5
guys,5
forum,5
ears,5
jane,5
form,5
jette,5
joint,5
kind,5
behind,5
experiments,5
waves,5
born,5
leading,5
increased,5
included,5
books,5
hypertension,5
stanford,5
hall,5
interior,5
clicks,5
education,5
fear,5
hertz,5
ones,5
volunteers,5
millions,5
saw,5
headed,5
brisson,5
potentially,5
lawyer,5
houston,5
however,5
ha,5
collectors,5
beta,5
supposed,5
higher,5
highest,5
frevert,5
columbia,5
newsletter,5
system,5
cold,5
democrats,5
harvard,5
wealth,5
meet,5
william,5
worry,5
ldl,5
hardware,5
industry,5
seasons,5
barbara,5
hace,5
growth,5
bal,5
tsai,5
experience,5
texas,5
parkinsons,5
musical,5
created,5
porque,5
especially,5
county,5
local,5
factors,5
bonneau,5
opened,5
pair,5
skin,5
countries,5
knowing,5
heights,5
catherine,5
evan,5
makes,5
dealer,5
course,5
timothy,5
conversation,5
florida,5
message,5
presbyterian,5
line,5
weeks,5
immune,5
possible,5
procedure,5
island,5
fell,5
single,5
chairman,5
means,5
lindheim,5
avenue,5
dhody,5
soap,5
eyes,5
idea,5
money,5
described,5
desire,5
program,4
seeing,4
tens,4
esta,4
gold,4
commission,4
engagements,4
rights,4
rate,4
takes,4
plaque,4
veces,4
division,4
green,4
muchos,4
editor,4
policy,4
approval,4
lawmakers,4
bermuda,4
owned,4
becoming,4
specializes,4
antibiotics,4
smith,4
awful,4
determined,4
air,4
microbiota,4
archaeologists,4
attended,4
nearby,4
armour,4
simmons,4
id,4
senate,4
sobre,4
spoke,4
include,4
semana,4
harbor,4
decade,4
possibility,4
hit,4
charles,4
chapel,4
est,4
sciences,4
accused,4
present,4
sports,4
camp,4
deal,4
past,4
buildup,4
treating,4
participants,4
device,4
beautiful,4
desde,4
sleep,4
hahn,4
individuals,4
improve,4
rapid,4
ground,4
reason,4
game,4
hodder,4
run,4
filled,4
signed,4
slightly,4
soho,4
soil,4
hay,4
sort,4
hartselle,4
stopped,4
else,4
wake,4
eating,4
giving,4
profile,4
uncertain,4
test,4
plays,4
maintain,4
hadnt,4
fine,4
talked,4
kept,4
telling,4
kulick,4
israel,4
multiple,4
nos,4
interesting,4
textured,4
keep,4
july,4
ju,4
twice,4
independent,4
owns,4
physically,4
groups,4
investment,4
tremont,4
diego,4
valley,4
visiting,4
chance,4
charleston,4
aducanumab,4
brains,4
columbus,4
column,4
commercial,4
elizabeth,4
compare,4
blind,4
ginsburg,4
biography,4
actor,4
believe,4
amount,4
copy,4
acting,4
dos,4
ate,4
detroit,4
arrived,4
afterward,4
capsules,4
chicago,4
african,4
wachtel,4
and,4
decreased,4
davidson,4
ability,4
able,4
d,4
alone,4
action,4
alzheimer,4
burial,4
asking,4
fall,4
b,4
believed,4
beyond,4
biotechnology,4
bit,4
christine,4
bronx,4
lustgarten,4
limited,4
leung,4
children,4
aarp,4
santa,4
safety,4
additional,4
political,4
advocates,4
scans,4
placebo,4
antes,4
artificial,4
rely,4
available,4
talking,4
regarding,4
refined,4
benefits,4
recorded,4
britain,4
paper,4
reasons,4
card,4
yes,4
settled,4
silicone,4
successful,4
soccer,4
society,4
stop,4
systems,4
stewart,4
reach,4
rather,4
style,4
ransohoff,4
cost,4
conn,4
surface,4
rae,4
taste,4
controlled,4
tom,4
tony,4
provides,4
rich,4
connecticut,4
raise,4
of,4
letters,4
colonial,4
mind,4
expected,4
nicholas,4
nice,4
cases,4
general,4
global,4
grateful,4
half,4
manufacturers,4
happened,4
feces,4
martin,4
husbands,4
ideas,4
ii,4
sullivan,4
joseph,4
longer,4
lincoln,4
legal,4
step,4
office,4
mutual,4
pmc,4
character,4
coming,4
priest,4
slow,4
noted,4
sogge,4
continue,4
corporate,4
politics,4
south,4
parece,4
plan,4
dealers,4
december,4
pet,4
personas,4
pay,4
designed,4
nearly,4
discovered,4
otherwise,4
require,4
property,4
indicate,4
paying,4
border,4
material,4
denver,4
loved,4
change,4
facing,4
recalled,4
moody,4
writer,4
aos,4
borson,4
officials,4
royals,4
result,4
jobs,4
caring,4
gets,4
osburn,4
usually,4
introduced,4
safe,4
paul,4
allow,4
relatively,4
makers,4
mothers,4
stroke,4
johri,4
word,4
infection,4
warhol,4
protection,4
roberts,4
resources,4
han,4
expert,4
westchester,4
internal,4
fund,4
identified,4
jeffrey,4
expressed,4
katherine,4
intelligence,4
eight,4
seeking,4
burials,4
beatrice,4
prices,4
reconstruction,4
includes,4
raising,4
employee,4
pain,4
buchwald,4
box,4
tambin,4
instead,4
pennsylvania,4
nomination,4
profit,4
give,4
hagan,4
pass,4
fake,4
plaques,4
operations,4
medication,4
barry,4
august,4
perhaps,4
influential,4
effort,4
within,4
mental,4
original,4
intensive,4
advocacy,4
notes,4
risks,4
heathfield,4
managers,3
words,3
stock,3
interests,3
either,3
reviewed,3
village,3
backhoe,3
adverse,3
funded,3
wife,3
schmidt,3
protein,3
meant,3
epidemic,3
produces,3
arlington,3
connection,3
proteins,3
historical,3
funding,3
producer,3
adults,3
joshua,3
journal,3
adult,3
singer,3
vincent,3
benefit,3
julia,3
spot,3
programs,3
vitamin,3
fourth,3
wichita,3
lifestyle,3
brice,3
quarter,3
dead,3
directing,3
delray,3
newsom,3
proposals,3
speakers,3
calls,3
financially,3
appeared,3
anna,3
main,3
interest,3
disorders,3
gaps,3
capital,3
ancestry,3
anticipated,3
max,3
unlikely,3
archaeological,3
wedding,3
wear,3
archaeologist,3
raw,3
walter,3
association,3
assembly,3
to,3
muchas,3
virus,3
vegetables,3
face,3
exuberance,3
warehouse,3
nutrition,3
formation,3
ranch,3
tasks,3
stand,3
puedes,3
bring,3
churchs,3
realidad,3
tau,3
tan,3
fue,3
intact,3
instagram,3
infectious,3
assess,3
linked,3
funds,3
palace,3
packagers,3
archive,3
tone,3
calling,3
forms,3
walk,3
online,3
onset,3
shed,3
analysis,3
lowering,3
shaw,3
orpheus,3
double,3
decisions,3
provide,3
dozens,3
per,3
literally,3
ser,3
healthcare,3
wisconsin,3
rutgers,3
patrick,3
oil,3
claims,3
search,3
varios,3
colonoscopy,3
italy,3
therapeutics,3
therapies,3
speech,3
theyd,3
suddenly,3
putting,3
expects,3
periodic,3
supplement,3
happens,3
picture,3
breathing,3
status,3
reporting,3
largest,3
powerful,3
warning,3
espaola,3
training,3
writing,3
struck,3
highly,3
clinicians,3
hand,3
latest,3
kruger,3
matters,3
infusions,3
diabetes,3
oral,3
service,3
interviews,3
military,3
knee,3
union,3
must,3
processing,3
probably,3
upon,3
inn,3
modern,3
fit,3
judge,3
issue,3
johns,3
mucke,3
cbs,3
intervention,3
dicho,3
evening,3
try,3
moves,3
tv,3
instance,3
tell,3
traction,3
offer,3
mich,3
checkups,3
protect,3
intense,3
security,3
travel,3
pam,3
nose,3
kertess,3
algorithms,3
instructor,3
realized,3
franco,3
baird,3
rigor,3
riverside,3
apart,3
wrong,3
represented,3
anywhere,3
save,3
ladder,3
truly,3
humor,3
flight,3
touch,3
lauren,3
sales,3
function,3
returns,3
table,3
iii,3
aaron,3
award,3
metropolitan,3
lewisohn,3
forest,3
teeth,3
fifth,3
previously,3
telvi,3
reproductive,3
affirmative,3
weissman,3
listening,3
roy,3
oh,3
report,3
monthly,3
remember,3
repertory,3
unlike,3
tennessee,3
growing,3
thinking,3
ron,3
plus,3
industries,3
lee,3
lack,3
fight,3
scheer,3
product,3
illness,3
prince,3
low,3
store,3
taught,3
pop,3
greek,3
quiz,3
policies,3
gobierno,3
schools,3
scientific,3
gagosians,3
relationships,3
rhythm,3
impact,3
pit,3
seat,3
leaves,3
clearly,3
image,3
rock,3
sentenced,3
stockton,3
americas,3
mississippi,3
focus,3
brittons,3
opportunities,3
dunn,3
strange,3
discovery,3
feels,3
environmental,3
finance,3
wasnt,3
in,3
filing,3
pursuing,3
via,3
edelstein,3
secondary,3
resolution,3
campaign,3
beginning,3
landed,3
ah,3
eye,3
serves,3
alexandra,3
wants,3
miami,3
ward,3
language,3
enormous,3
cual,3
broken,3
cleveland,3
critical,3
specific,3
metro,3
performance,3
cousin,3
followed,3
nashville,3
balance,3
citys,3
digital,3
pointed,3
estimates,3
greenberg,3
cmo,3
mayo,3
dietary,3
guilty,3
interested,3
problem,3
communication,3
constantly,3
held,3
conservative,3
expect,3
cortex,3
creative,3
fort,3
gone,3
sido,3
cassel,3
freshman,3
generally,3
kevin,3
caregiving,3
aide,3
funny,3
tables,3
gives,3
silver,3
forward,3
broke,3
brexit,3
kelly,3
immigration,3
brian,3
energy,3
self,3
dark,3
conferences,3
davis,3
dekosky,3
recommended,3
paint,3
anne,3
drop,3
dropped,3
bacterial,3
standing,3
standard,3
baruch,3
despus,3
benjamin,3
dallas,3
direct,3
f,3
occurred,3
emmy,3
moreover,3
areas,3
mostly,3
drives,3
dixon,3
cornell,3
ebola,3
opera,3
starting,3
congress,3
creating,3
gut,3
donna,3
paid,3
cell,3
companys,3
stages,3
elderly,3
hopes,3
boones,3
delivered,3
rest,3
sensory,3
microglia,3
cut,3
randomized,3
ragsdale,3
developed,3
pattern,3
w,3
ignore,3
workouts,3
patterson,3
empty,3
decline,3
hold,3
parts,3
doubt,3
objects,3
virginia,3
leaving,3
steven,3
lives,3
divorced,3
continued,3
cohen,3
cemeteries,3
transplant,3
becomes,3
dwyer,3
reveal,3
baptists,3
complications,3
experimental,3
coons,3
isnt,3
goal,3
aware,3
written,3
miss,3
lucky,3
lynch,3
xu,3
manafort,3
leathers,3
so,3
exploring,3
interview,3
martha,3
jr,3
embraced,3
academic,3
legislature,3
obesity,3
contract,3
finding,3
arent,3
caught,3
jennifer,3
recovery,3
concept,3
gonzales,3
governor,3
jordan,3
lights,3
lawsuit,3
impaired,3
larger,3
cured,3
poop,3
cuando,3
account,3
february,3
accident,3
crossed,3
landing,3
kaiser,3
afternoon,3
shoes,3
oils,3
milligrams,3
regularly,3
player,3
sold,3
slides,3
damaged,3
leads,3
banks,3
memories,3
critics,3
haba,3
worries,3
polyps,3
attend,3
consumed,3
realizing,3
adams,3
mean,3
precursor,3
detailed,3
manor,3
fats,3
conley,3
extended,3
danielle,3
strategy,3
excited,3
chose,3
pulled,3
weight,3
average,3
whole,3
avila,3
actually,3
mastectomy,3
boletn,3
investors,3
consumer,3
nuts,3
electrical,3
assemblyman,3
records,3
anyone,3
pink,2
category,2
rachel,2
oconnors,2
h,2
catskills,2
enhance,2
klaus,2
kindergarten,2
photograph,2
mercedes,2
microbiome,2
note,2
travels,2
maternity,2
revealed,2
host,2
managed,2
normal,2
monday,2
harsher,2
headstone,2
khn,2
maternal,2
rhode,2
styles,2
normas,2
guo,2
missing,2
enjoyed,2
misspelled,2
model,2
mentally,2
marry,2
brother,2
philadelphias,2
recommendation,2
title,2
heels,2
peter,2
submit,2
camden,2
obsessive,2
errands,2
manufactures,2
mejor,2
fischl,2
stepped,2
estimated,2
camille,2
mensaje,2
enormously,2
loss,2
tended,2
steroids,2
everyone,2
truck,2
kan,2
judith,2
lanzado,2
megan,2
phillip,2
monica,2
boys,2
hamilton,2
lesions,2
interred,2
productivity,2
lover,2
represents,2
killed,2
feat,2
llegar,2
institutions,2
havent,2
burden,2
kristine,2
looks,2
surprised,2
label,2
by,2
lands,2
magic,2
fashioned,2
les,2
narragansett,2
narratives,2
carrying,2
ginkgo,2
measures,2
frequent,2
loathing,2
james,2
looked,2
jacob,2
morning,2
produced,2
federation,2
materials,2
fruits,2
bykert,2
frmaco,2
caregiver,2
master,2
julian,2
invitation,2
happy,2
primary,2
friday,2
liberal,2
generous,2
kaye,2
maze,2
natural,2
fire,2
properties,2
miller,2
ledger,2
license,2
finished,2
fancy,2
marist,2
mateo,2
margaret,2
lazy,2
loud,2
lauderdale,2
luxury,2
mahlon,2
luz,2
lasted,2
luxembourg,2
microbiomes,2
lodging,2
nicole,2
mixed,2
matched,2
breakers,2
fatal,2
poder,2
brodys,2
managing,2
surgeon,2
globe,2
goes,2
navigating,2
busy,2
stress,2
farmers,2
feminist,2
mission,2
pot,2
carey,2
liabilities,2
losing,2
mientras,2
minnesota,2
regulating,2
supports,2
symbol,2
ind,2
trail,2
leave,2
consigna,2
unidos,2
montefiore,2
kill,2
consumption,2
contributed,2
anybody,2
abortion,2
ann,2
gastroenterologist,2
feeding,2
kidney,2
ambitious,2
asset,2
kitchen,2
koroshetz,2
crimes,2
album,2
cover,2
cracked,2
lady,2
wrongly,2
jeff,2
constitution,2
knowledge,2
interneurons,2
espaol,2
affect,2
airports,2
collected,2
comfortable,2
biographies,2
intermediate,2
internacional,2
alamo,2
fashion,2
excavation,2
address,2
baseball,2
alec,2
presidency,2
danza,2
congressional,2
jacobs,2
writes,2
curative,2
adam,2
literature,2
appeal,2
warren,2
derrick,2
vogue,2
performer,2
describe,2
applied,2
desk,2
count,2
accounts,2
dimes,2
wellfleet,2
directors,2
dirt,2
aquino,2
ultimately,2
frecuencia,2
freedom,2
wave,2
devices,2
wears,2
democratic,2
finally,2
academia,2
genetic,2
lderes,2
altered,2
yorker,2
dated,2
wheres,2
debilitating,2
crashing,2
ancestors,2
crashed,2
williams,2
permission,2
whenever,2
lichtenstein,2
weekend,2
clerks,2
brasil,2
ese,2
bay,2
creek,2
yielded,2
coverage,2
analyze,2
earn,2
heightened,2
helps,2
effectiveness,2
corporation,2
rates,2
recalling,2
anahad,2
hire,2
conviction,2
graduate,2
amazon,2
electronic,2
reagan,2
durante,2
yorks,2
banking,2
darien,2
aqu,2
apagn,2
derived,2
ao,2
groban,2
artery,2
disability,2
antioxidants,2
differently,2
assumed,2
derek,2
dominican,2
athletic,2
attacks,2
handed,2
defined,2
recognized,2
horowitz,2
rarely,2
brazil,2
catalog,2
charges,2
wintour,2
ahora,2
cells,2
californias,2
canada,2
cars,2
era,2
caused,2
eliminate,2
chatted,2
candidate,2
aids,2
burnout,2
burger,2
brooklyn,2
dcadas,2
prominent,2
jail,2
alabama,2
chelsea,2
quedan,2
rehnquist,2
worlds,2
defty,2
illegal,2
alive,2
briefly,2
closely,2
climbing,2
clicking,2
engaged,2
affects,2
cincinnati,2
relatives,2
browns,2
womens,2
budget,2
chocolate,2
arbiter,2
triple,2
tres,2
uncle,2
tow,2
promise,2
projects,2
productions,2
commentary,2
understanding,2
top,2
previous,2
preventive,2
intestinal,2
lasting,2
hair,2
newyork,2
bernstein,2
premature,2
hartford,2
hat,2
heads,2
toxic,2
nature,2
grown,2
obvious,2
functions,2
unknown,2
moon,2
illinois,2
registrar,2
tuberculosis,2
trip,2
geneseo,2
trash,2
immediately,2
immersive,2
reaction,2
movies,2
impressive,2
focused,2
responded,2
grew,2
hearts,2
portions,2
reports,2
forensic,2
tickets,2
operates,2
individual,2
thoughts,2
otolaryngologist,2
offices,2
outcomes,2
o,2
parallel,2
investigation,2
interviewed,2
needs,2
natasha,2
natalie,2
invests,2
isaacson,2
leer,2
movie,2
packed,2
neeland,2
offers,2
jefferson,2
pleading,2
nominated,2
nondate,2
nosei,2
nuestra,2
involving,2
pierre,2
pick,2
holly,2
biological,2
phase,2
huge,2
neuroscience,2
humans,2
hunting,2
hygiene,2
jakobson,2
repeated,2
hutt,2
jump,2
efectos,2
grand,2
talk,2
tabloids,2
systolic,2
visual,2
maduro,2
katie,2
grandson,2
warnings,2
equal,2
mal,2
stumble,2
element,2
elise,2
pas,2
malone,2
stimulation,2
emergencia,2
water,2
taylor,2
dumping,2
dubai,2
frenzy,2
convey,2
dog,2
donde,2
dose,2
total,2
wait,2
peace,2
wealthy,2
paz,2
driver,2
therapist,2
theory,2
junior,2
testified,2
terry,2
terms,2
visit,2
erased,2
unusual,2
finishing,2
midlife,2
officially,2
odors,2
figure,2
fill,2
ruth,2
republicans,2
october,2
firefighter,2
escribe,2
roche,2
homicidio,2
flashing,2
resistance,2
flickering,2
florence,2
humanos,2
responses,2
score,2
michel,2
feature,2
falls,2
consulting,2
essentially,2
panelists,2
considering,2
marys,2
skull,2
executives,2
organs,2
aviation,2
significant,2
representing,2
expand,2
hear,2
shouldnt,2
shanghai,2
eyewear,2
seres,2
heard,2
pilot,2
olfactory,2
yellow,2
affiliate,2
spray,2
afraid,2
photographers,2
agreed,2
actual,2
pese,2
pero,2
applications,2
perform,2
housing,2
pushing,2
paulson,2
airport,2
sentencing,2
albert,2
neurological,2
fraud,2
pareja,2
yorktown,2
plate,2
panels,2
aecom,2
acquired,2
actress,2
radiology,2
near,2
warned,2
watching,2
pregnant,2
predict,2
weather,2
practitioner,2
quien,2
advance,2
position,2
population,2
scarsdale,2
womans,2
woodland,2
workers,2
neighborhood,2
pueda,2
pamphlets,2
puede,2
answer,2
for,2
neither,2
argue,2
necessarily,2
necesitara,2
newport,2
nations,2
myth,2
fixed,2
muscle,2
arteries,2
arthur,2
sin,2
non,2
sinai,2
mountain,2
sinusitis,2
architect,2
film,2
neuroscientist,2
appointment,2
ai,2
none,2
aid,2
aims,2
frank,2
pace,2
enlace,2
alvin,2
francis,2
amazingly,2
alzhimer,2
proud,2
onstage,2
speed,2
olvidar,2
southwestern,2
anas,2
formally,2
apparently,2
significantly,2
noting,2
vulnerable,2
purchase,2
architecture,2
weekly,2
hallmark,2
spending,2
speak,2
techniques,2
source,2
somewhat,2
sociales,2
regimen,2
guaid,2
thanks,2
wind,2
simple,2
alas,2
shower,2
ticket,2
toast,2
sex,2
relief,2
setting,2
replace,2
covering,2
sentence,2
star,2
supportive,2
handy,2
struggling,2
suggested,2
volunteer,2
requires,2
algunas,2
substances,2
subsequent,2
vulnerability,2
raser,2
walking,2
ir,2
walks,2
wall,2
estados,2
council,2
steps,2
striking,2
tolstoys,2
crisis,2
ranging,2
response,2
recognizing,2
removed,2
ups,2
relevant,2
reinterred,2
regulators,2
statistics,2
reviewing,2
rebecca,2
refer,2
rebiotix,2
da,2
stake,2
violence,2
access,2
advertising,2
staging,2
queridos,2
visited,2
unvaccinated,2
epidemics,2
toobin,2
ya,2
grito,2
regulate,2
toward,2
towns,2
trade,2
scientist,2
wont,2
saturated,2
everybody,2
sandy,2
salle,2
regarded,2
workshop,2
ryan,2
cuenta,2
tsais,2
tu,2
ring,2
responsabilidad,2
skeletons,2
articles,2
sympathetic,2
counsel,2
christina,2
credits,2
physical,2
eamon,2
ests,2
establish,2
ended,2
pharma,2
curiosity,2
entre,2
ensure,2
engineered,2
tienen,2
enforcement,2
dnde,2
employees,2
emotionally,2
dates,2
todo,2
tex,2
cotton,2
donors,2
tested,2
god,2
disabilities,2
girl,2
gift,2
gay,2
complete,2
full,2
carry,2
silly,2
frequency,2
ease,2
congregation,2
plot,2
foods,2
te,2
fix,2
fitness,2
contain,2
shoe,2
deadliest,2
perceive,2
weve,2
deeply,2
concert,2
painted,2
understood,2
conducted,2
dame,2
victoria,2
duff,2
owners,2
craigslist,2
doug,2
cove,2
cooking,2
orthopedic,2
dozen,2
drama,2
uses,2
connecting,2
conseguir,2
otro,2
efficacy,2
defense,2
totally,2
delay,2
efforts,2
town,2
ellen,2
earned,2
drinks,2
denied,2
particular,2
parte,2
desiccated,2
designers,2
virtually,2
diane,2
diagnosed,2
comparing,2
competition,2
devastating,2
developmental,2
oregon,2
dennis,2
esa,2
commingled,2
misstated,2
birth,2
sons,2
detenidos,2
sounds,2
ban,2
bone,2
khoruts,2
bearing,2
spread,2
justices,2
behavior,2
juan,2
staged,2
briarcliff,2
belting,2
brink,2
jobson,2
wouldnt,2
built,2
express,2
fame,2
despite,2
section,2
biggest,2
aura,2
authority,2
authors,2
minutes,2
mini,2
fever,2
encourage,2
process,2
medicaid,2
mdicos,2
somehow,2
youve,2
audiences,2
marketing,2
marielle,2
draft,2
beneath,2
longtime,2
loft,2
investigators,2
inventive,2
edward,2
hinge,2
poster,2
dick,2
hearing,2
portis,2
headstones,2
broomall,2
offset,2
on,2
effect,2
bush,2
closed,2
closing,2
ongoing,2
greater,2
graves,2
switch,2
grandparents,2
collaboration,2
collection,2
students,2
european,2
intrigued,2
hollywood,2
statements,2
carolyn,2
wooster,2
causes,2
steel,2
injury,2
century,2
stood,2
drive,2
certainly,2
indignacin,2
characteristic,2
electrician,2
imagined,2
illnesses,2
humenansky,2
odds,2
bought,2
homes,2
algunos,2
resident,2
worse,2
columnist,2
rural,2
singapore,2
acuerdo,2
communications,2
acutely,2
polo,2
committee,2
administered,2
sarah,2
combined,2
advice,2
sitting,2
ross,2
discrimination,2
occupational,2
portion,2
characters,2
rose,2
aging,2
pleaded,2
alimentos,2
jeremy,2
susan,2
thrown,2
suzanne,2
colombia,2
discovering,2
planning,2
colleen,2
collect,2
princess,2
minority,2
signature,2
wine,2
presentation,2
trust,2
trinity,2
molly,2
weddings,2
compulsive,2
experiencing,2
pope,2
scotland,2
serious,2
cooked,2
julie,2
sclerosis,2
settling,2
sexual,2
primera,2
worldwide,2
worried,2
presidential,2
hundreds,2
ski,2
transitioned,2
jose,2
youll,2
modesto,2
concern,2
scan,2
extraordinary,2
accurately,2
primer,2
mentioned,2
schnabels,2
crazy,2
quirk,2
reducing,2
beneficial,2
highlighted,2
childrens,2
solo,2
success,2
beverly,2
quickly,2
chavkins,2
beyonc,2
injuries,2
directly,2
charged,2
bills,2
directed,2
quality,2
sonoma,2
radiologists,2
orchestra,2
booz,2
mexico,2
brody,2
senator,2
organisms,2
cards,2
readers,2
sept,2
expecting,2
p,2
buy,2
suny,2
shortly,2
restaurants,2
clothes,2
exciting,2
than,2
picking,2
argentino,2
responsibility,2
pianos,2
phrase,2
miles,2
photographs,2
remedies,2
persuade,2
persons,2
clean,2
perked,2
baby,2
superior,2
relationship,2
attending,2
peoples,2
classmates,2
avoid,2
scoop,2
bakalor,2
climate,2
pues,2
independently,2
alice,2
bear,2
target,2
supplies,2
trustee,2
ovitz,2
developer,2
exhibit,2
deaths,2
hombres,2
rival,2
optical,2
promised,2
valentines,2
vegas,2
turlock,2
quienes,2
pathology,2
shopping,2
opinion,2
challenge,2
economy,2
billion,2
trillion,2
tomkins,2
promote,2
municipal,2
l,2
short,2
underworld,2
descent,2
dislike,2
robots,2
suffering,2
understand,2
rozic,2
tienes,2
scheduled,2
unearthed,2
amy,2
leo,2
turn,2
declined,2
shortage,2
upper,2
suits,2
neurologist,2
allen,2
tech,2
plant,2
samuel,2
newspaper,2
veterans,2
presents,2
ct,2
hoped,2
seems,2
pathogens,2
disappointing,2
damaging,2
voice,2
rush,2
participating,2
nily,2
belluck,2
discussed,2
stoic,2
pathologies,2
sachs,2
soaring,2
eurydice,2
restrict,2
harm,2
slippers,2
places,2
tanto,2
retail,2
trabajo,2
ventura,2
newington,2
spongebob,1
posting,1
adecuacin,1
springs,1
stuff,1
organizations,1
positions,1
mastectomies,1
postmodern,1
shulman,1
loveliness,1
helpful,1
angelas,1
staggering,1
sport,1
shut,1
postergar,1
answered,1
painful,1
ornately,1
annual,1
indentured,1
stereo,1
premise,1
pregnancy,1
helen,1
sherene,1
overachieve,1
abc,1
microbes,1
subsided,1
microbiologist,1
improved,1
martine,1
zurich,1
implement,1
stench,1
middles,1
maria,1
mari,1
stayed,1
serve,1
jo,1
jerry,1
precocious,1
activation,1
irish,1
padecen,1
metric,1
luxstone,1
actresses,1
obituary,1
starchily,1
prank,1
starred,1
overwhelmingly,1
anuncia,1
overarching,1
precedent,1
sherman,1
precisely,1
activities,1
stymie,1
insultos,1
optimism,1
irlanda,1
manejo,1
smothering,1
smoked,1
plea,1
medici,1
plenty,1
manges,1
incluir,1
smartwatch,1
septum,1
strong,1
aggregate,1
measurements,1
alternative,1
opens,1
meets,1
pocket,1
poco,1
permanente,1
heralded,1
aiken,1
plates,1
pfizer,1
picower,1
glad,1
mechanical,1
glass,1
sombra,1
photos,1
orbitar,1
incluye,1
stringed,1
jaded,1
placing,1
solidity,1
sole,1
alienate,1
pillars,1
allergies,1
pioneering,1
alberta,1
placed,1
jared,1
performing,1
herbert,1
aged,1
maladies,1
advantages,1
glencoe,1
manos,1
meaningful,1
jean,1
phys,1
pollution,1
poorly,1
popular,1
parry,1
porosities,1
ordained,1
glowing,1
stint,1
odile,1
merkley,1
maxs,1
anesthesia,1
meantime,1
policas,1
aerospace,1
harlequin,1
openness,1
afford,1
amanda,1
harmful,1
item,1
spa,1
orchestrations,1
speaks,1
amcor,1
hayes,1
specializing,1
simplest,1
pensar,1
affected,1
pencil,1
stirring,1
pelcula,1
struggle,1
holocaust,1
link,1
yogurt,1
recreativa,1
receive,1
tendency,1
nassau,1
hopkins,1
roommate,1
legislation,1
terapia,1
unido,1
steamy,1
recounted,1
rom,1
recovering,1
unidas,1
regions,1
unfolds,1
undertake,1
undergoing,1
referendo,1
legends,1
insurmountable,1
unaffordable,1
grooves,1
tus,1
rockville,1
testicle,1
regardless,1
mood,1
rebuilding,1
unscreened,1
upshot,1
kids,1
vehculos,1
hades,1
knack,1
varied,1
rajeev,1
rambunctious,1
vanity,1
holding,1
razones,1
reaching,1
valise,1
vaivn,1
rowing,1
vacacin,1
korean,1
hotels,1
labeled,1
usual,1
usada,1
roommates,1
labrador,1
horse,1
realness,1
urgi,1
tuesday,1
regodeamos,1
sucedido,1
tomato,1
intenta,1
tools,1
reversed,1
revered,1
informed,1
honesty,1
mundane,1
tombstone,1
threatening,1
republic,1
inside,1
latchkey,1
lay,1
lectores,1
groundbreaking,1
reunited,1
multifamily,1
hollow,1
tied,1
intern,1
tight,1
tim,1
toilet,1
lawn,1
restoring,1
restore,1
naciones,1
tough,1
renee,1
revolucionar,1
guest,1
hopeful,1
roast,1
morgan,1
ride,1
honor,1
tras,1
lebron,1
regulations,1
reimbursed,1
infertility,1
motive,1
transferred,1
relaxicus,1
narrows,1
ribbons,1
traditions,1
reliant,1
ribbon,1
leavins,1
religiously,1
township,1
leather,1
revolutionary,1
influenced,1
tears,1
vessels,1
radically,1
instrument,1
gon,1
gracious,1
surprising,1
historians,1
wore,1
witness,1
wishes,1
processed,1
intimacy,1
winter,1
indiana,1
surprisingly,1
julians,1
rutina,1
whittled,1
westborough,1
imaging,1
profiles,1
scrutiny,1
wesleyan,1
promete,1
suspect,1
ninth,1
werent,1
graduation,1
nights,1
problemas,1
jones,1
surprise,1
noticias,1
nursery,1
midwesterner,1
sun,1
presides,1
nunca,1
write,1
worsen,1
notion,1
sentido,1
prestigious,1
sunday,1
pretense,1
senadores,1
sells,1
seek,1
prime,1
impacts,1
priority,1
surplus,1
seed,1
hippocampus,1
secured,1
prizes,1
seated,1
gogh,1
happening,1
weiwei,1
props,1
puto,1
wars,1
handful,1
warranted,1
samples,1
misin,1
network,1
let,1
saltz,1
saline,1
tampering,1
hobby,1
volunteered,1
grilled,1
tantalizing,1
keyboard,1
volatile,1
visto,1
sakurako,1
vista,1
quieres,1
tartar,1
quin,1
sad,1
necessary,1
quinientas,1
sara,1
li,1
linda,1
tacky,1
limits,1
prospective,1
proteccin,1
hurt,1
mine,1
sweets,1
swooped,1
minimize,1
indicated,1
proudly,1
wearing,1
providence,1
histories,1
liked,1
hurly,1
hitting,1
syracuse,1
karen,1
watson,1
satelital,1
pulitzer,1
syria,1
pushed,1
gravediggers,1
inspirations,1
apples,1
abe,1
appoint,1
facilities,1
farmable,1
famous,1
familiares,1
faltering,1
fairfax,1
fails,1
fabric,1
fathers,1
explosive,1
experimentos,1
experienced,1
expanded,1
excused,1
exceed,1
fate,1
favorite,1
arbor,1
frontera,1
glenda,1
gifts,1
generation,1
gastroenterologists,1
fun,1
fuels,1
fringe,1
fighting,1
fragile,1
foot,1
flip,1
fixer,1
fitzpatrick,1
filtration,1
europea,1
estrena,1
estadios,1
ed,1
eisai,1
einstein,1
efficient,1
editing,1
edited,1
edinburgh,1
ecg,1
escuela,1
eat,1
dysfunction,1
duchess,1
downward,1
dov,1
dorado,1
elefante,1
ellas,1
ellos,1
enamel,1
encendi,1
encouraged,1
engaado,1
enhancing,1
enjoy,1
ensayo,1
entering,1
equity,1
erectile,1
eriksen,1
erupted,1
escocia,1
escritores,1
glenn,1
globaldata,1
gods,1
intentionally,1
islands,1
irritating,1
iraq,1
investing,1
invented,1
interactions,1
intended,1
incontinence,1
inmediato,1
inmediata,1
initiatives,1
informe,1
infiel,1
indirect,1
jabbar,1
jack,1
jacqueline,1
javorsky,1
jiann,1
joel,1
johnston,1
journey,1
judgeship,1
juggling,1
justin,1
karan,1
kenneth,1
ketamina,1
kinnards,1
lancet,1
larchmont,1
incredibly,1
inclusion,1
gore,1
hallmarks,1
headache,1
hateful,1
hardest,1
hardened,1
handsome,1
halted,1
habit,1
improvements,1
guests,1
guarantee,1
grupos,1
grocery,1
gracias,1
grace,1
headquarters,1
hedge,1
hipcrita,1
historias,1
holes,1
honduras,1
hooked,1
hosted,1
hovers,1
hungers,1
hyatt,1
ideology,1
ignorant,1
illana,1
immigrants,1
impotencia,1
impressed,1
dissents,1
dissection,1
disculpas,1
bookkeeper,1
brunette,1
brant,1
bowels,1
bottega,1
botany,1
boring,1
bombastic,1
bike,1
bloomfield,1
blockbuster,1
blast,1
blackrock,1
bison,1
billed,1
canadian,1
carbohydrates,1
caribbean,1
casualty,1
caustic,1
centenar,1
central,1
cerebral,1
changer,1
cheap,1
cherished,1
christopher,1
cigarette,1
ciklin,1
cindy,1
circuit,1
circumstances,1
bilanow,1
beijing,1
cleaned,1
anesthesiologist,1
appointments,1
appear,1
appeals,1
antidepresivos,1
annually,1
announcements,1
anass,1
bedroom,1
analytical,1
amigos,1
alleviate,1
allan,1
alexandria,1
aggregated,1
arkansas,1
arriba,1
ars,1
artifacts,1
asks,1
assessed,1
astronauta,1
atrium,1
attempted,1
attorney,1
autoimmune,1
avocado,1
bags,1
bans,1
basic,1
beavering,1
bebop,1
claiming,1
clears,1
direccin,1
dayton,1
defended,1
deepmind,1
decreases,1
deck,1
decimos,1
deals,1
davignon,1
cualidad,1
customers,1
current,1
curious,1
cures,1
cumplir,1
cumplan,1
definitive,1
degenerativo,1
dependable,1
deployment,1
desafo,1
deserving,1
designs,1
despegaron,1
desperate,1
destroyed,1
devious,1
diaria,1
diaries,1
diario,1
die,1
diocese,1
dipped,1
cuestionado,1
crunched,1
clemente,1
cognito,1
conclude,1
conciencia,1
concerts,1
competent,1
comparative,1
cole,1
cocktail,1
criticism,1
clue,1
clinically,1
clifford,1
client,1
clerk,1
clerical,1
concoctions,1
confirm,1
connects,1
consider,1
consideran,1
constellation,1
consultancy,1
consumers,1
contemporary,1
contraria,1
coordinator,1
correct,1
correctional,1
costume,1
counts,1
crafted,1
crevices,1
lawrence,1
league,1
leak,1
spacex,1
statistically,1
starring,1
staffed,1
square,1
split,1
spelling,1
soundtrack,1
slice,1
souderton,1
sorted,1
soiled,1
sodium,1
socialist,1
smoke,1
stella,1
stepdaughter,1
stimulating,1
stints,1
stockbrokers,1
stoke,1
straightforward,1
stricter,1
studying,1
stupid,1
submitting,1
sucede,1
suggest,1
summers,1
sunset,1
suppliers,1
supporter,1
smitten,1
size,1
survived,1
rooms,1
sandras,1
salvage,1
sabotaje,1
rounded,1
round,1
rosyln,1
rooftops,1
sitcom,1
rockin,1
rings,1
riffing,1
rhinovirus,1
reward,1
revisiting,1
sat,1
satisfactory,1
saved,1
schubert,1
schuster,1
scored,1
scratch,1
script,1
secrets,1
seem,1
seeped,1
segunda,1
servicios,1
shield,1
shweta,1
sick,1
simon,1
surge,1
sustainable,1
reunion,1
van,1
votaron,1
viven,1
viernes,1
veterinarian,1
venezolanos,1
veining,1
usualmente,1
tuvo,1
urine,1
upending,1
unsung,1
unity,1
unique,1
unable,1
vows,1
waterloo,1
weil,1
wen,1
westminster,1
whatever,1
whining,1
wider,1
wilde,1
willem,1
williamss,1
williamstown,1
winery,1
woods,1
worker,1
worn,1
younger,1
typically,1
trusting,1
tails,1
terrace,1
thom,1
thick,1
thelma,1
thankful,1
text,1
testimony,1
tena,1
trusted,1
temperature,1
tedious,1
technician,1
taubman,1
tate,1
tarrytown,1
thomass,1
tigers,1
timeless,1
tinder,1
tobin,1
todd,1
tongues,1
toronto,1
touted,1
transfers,1
transform,1
transformative,1
transmission,1
tratamiento,1
tremendously,1
tribeca,1
trimmed,1
revisions,1
retomar,1
legislatures,1
muerte,1
namwali,1
naked,1
mumu,1
multidisciplinary,1
mufg,1
muestra,1
movilizado,1
minoh,1
movement,1
morris,1
morrell,1
moments,1
mo,1
misremember,1
nancy,1
nap,1
narrative,1
naturally,1
nephews,1
neurobiological,1
nicholson,1
nightclub,1
nominations,1
nonprescription,1
norma,1
nothing,1
november,1
now,1
nutritional,1
obeyed,1
occasionally,1
mirror,1
milligram,1
ofrezca,1
lizzie,1
lunes,1
luke,1
lovable,1
loudest,1
lofts,1
llega,1
limb,1
microsurgery,1
lilly,1
libyan,1
liberation,1
letter,1
lethal,1
lenient,1
lure,1
lyme,1
machines,1
makeshift,1
marina,1
markedly,1
maryland,1
marylebone,1
materializarse,1
mathematics,1
mbia,1
medida,1
melody,1
memorably,1
memorial,1
merck,1
microcosm,1
odonovans,1
ontological,1
retir,1
pyro,1
rauschenberg,1
ratings,1
raging,1
race,1
quizzes,1
querido,1
punched,1
predicted,1
pueden,1
psychiatrists,1
psiquiatras,1
propelled,1
prometido,1
preview,1
reasoned,1
recognition,1
recovered,1
recursos,1
refusal,1
regaled,1
regulator,1
releasing,1
relocation,1
remain,1
remarkable,1
remarked,1
renewing,1
renovation,1
repeal,1
respuesta,1
resultado,1
prefrontal,1
predecir,1
onward,1
partido,1
pattersons,1
patrica,1
pathway,1
pathologist,1
paste,1
partisan,1
parody,1
prada,1
packaging,1
oversight,1
other,1
originally,1
optometrist,1
option,1
pegasus,1
pelculas,1
perception,1
performers,1
periodista,1
personalized,1
photoshopped,1
picked,1
pictures,1
pinkowski,1
pitting,1
poner,1
portfolio,1
portraitist,1
posts,1
potomac,1
practices,1
ages,1
aeronautical,1
advisories,1
gov,1
guares,1
guardan,1
gross,1
gritos,1
greed,1
grant,1
goods,1
gardens,1
gloria,1
gladstone,1
gillespie,1
georgia,1
geneva,1
genetically,1
guatemala,1
guerrillero,1
guy,1
habits,1
hablamos,1
hablan,1
hablando,1
haired,1
halcyon,1
hasta,1
hebrew,1
heightening,1
helping,1
highland,1
hillsdale,1
hiring,1
hometown,1
gena,1
gard,1
hugs,1
fda,1
fierce,1
feverishly,1
feet,1
federally,1
federalist,1
feared,1
favor,1
fuzzy,1
familys,1
external,1
exposure,1
explainability,1
experimenting,1
eximen,1
fin,1
finch,1
finds,1
fishmongers,1
flattop,1
flops,1
flowers,1
fool,1
forming,1
fragility,1
framed,1
frenar,1
fresh,1
friendsfest,1
fringed,1
fruit,1
funciona,1
hot,1
hygienist,1
excrement,1
lifesaving,1
loaded,1
listen,1
lipid,1
linking,1
lily,1
likes,1
lennart,1
landfill,1
lempicka,1
leaders,1
lawyerly,1
lavalin,1
lavados,1
laurie,1
lobbying,1
lodge,1
logra,1
lookstein,1
lori,1
loyalty,1
machine,1
maddening,1
madison,1
maine,1
mainstream,1
maj,1
males,1
mallozzi,1
malsonante,1
manage,1
mannerisms,1
laura,1
lancemos,1
hypothetical,1
inhibit,1
intellectual,1
integration,1
institutes,1
innovation,1
innocently,1
innermost,1
informational,1
korea,1
indicates,1
increasingly,1
impression,1
illustrated,1
illusion,1
ice,1
intentions,1
interpretation,1
interrelated,1
intolerance,1
introverted,1
isaac,1
jama,1
janet,1
jessica,1
jim,1
jurisdiction,1
juvenile,1
jvenes,1
k,1
kentucky,1
khmer,1
kites,1
exhibicin,1
exchanges,1
margo,1
cardiac,1
clash,1
cientficos,1
chlamydia,1
chewing,1
cheated,1
carriage,1
cap,1
brim,1
calabasas,1
cakes,1
bunch,1
bump,1
bull,1
buenos,1
clinton,1
closest,1
closter,1
clots,1
clyde,1
cognitively,1
comic,1
comments,1
commonly,1
comparable,1
compartir,1
compassionate,1
compiled,1
comprehensive,1
comprise,1
configuration,1
conflicto,1
bronchitis,1
breeches,1
congressman,1
auditory,1
backers,1
avoiding,1
avid,1
avatar,1
avant,1
auto,1
auction,1
bred,1
atencin,1
astronautas,1
assigns,1
artesana,1
ariz,1
argentinas,1
barclays,1
barrier,1
basics,1
basing,1
baugher,1
baylor,1
behavioral,1
bikini,1
biophysics,1
birthday,1
bobcat,1
boeing,1
bond,1
bonded,1
bound,1
boy,1
breaking,1
confronted,1
cons,1
evidencia,1
dual,1
edmonton,1
dylan,1
duty,1
dutifully,1
durham,1
dumfries,1
drops,1
disclosed,1
drawing,1
down,1
dovetail,1
diy,1
distraction,1
discuss,1
ego,1
egyptian,1
ejecucin,1
elctrica,1
emory,1
emotions,1
emphasizes,1
enable,1
enclosures,1
endeavors,1
enorgullece,1
entirely,1
escritor,1
esketamina,1
estaba,1
estadounidenses,1
evaluation,1
discounts,1
diminished,1
considerablemente,1
corners,1
cultural,1
crunchyroll,1
creditcreditkayana,1
creativo,1
courtroom,1
cosmetic,1
corner,1
difficile,1
copies,1
cooper,1
convince,1
contradictory,1
contexto,1
consistently,1
cummins,1
curb,1
curtis,1
dan,1
danbury,1
darte,1
deer,1
defend,1
defending,1
deficits,1
delicate,1
dementias,1
demons,1
demonstration,1
descubrieron,1
devlin,1
diagnose,1
mardens,1
marjorie,1
ads,1
slave,1
solicitar,1
soar,1
snapshots,1
smooth,1
smiled,1
slurry,1
skills,1
sides,1
skied,1
sisk,1
siniestra,1
silk,1
significa,1
signal,1
solid,1
solidarity,1
song,1
spacecraft,1
spans,1
species,1
spheres,1
spinoff,1
stamped,1
starved,1
stephen,1
sternly,1
steroid,1
steve,1
stores,1
streetcar,1
strikes,1
siendo,1
shored,1
substantial,1
romping,1
safespot,1
ruptured,1
rumbles,1
rules,1
rounds,1
roslyn,1
robin,1
shawl,1
rivetingly,1
ripe,1
rigorous,1
ridgefield,1
rickhouse,1
resultante,1
sahil,1
salieron,1
salt,1
sansom,1
satlite,1
scale,1
scanning,1
schaverien,1
scheme,1
scholars,1
scissors,1
scripps,1
sections,1
sensation,1
sera,1
shaker,1
shape,1
subject,1
succeeded,1
resort,1
viral,1
vuelto,1
vot,1
voluptuous,1
vision,1
visible,1
virtuoso,1
vino,1
value,1
videotaped,1
vets,1
versus,1
versatile,1
vermont,1
venture,1
walnut,1
wardrobe,1
warm,1
waxing,1
wean,1
weir,1
widely,1
windsor,1
winners,1
wound,1
yale,1
yuhuan,1
absolutely,1
accustomed,1
achieve,1
acknowledgment,1
adidas,1
venta,1
urological,1
sufficiency,1
synchronize,1
tiano,1
theyll,1
therapeutic,1
tensions,1
teenage,1
takeover,1
swirl,1
upmc,1
swindled,1
sweetest,1
suscrito,1
surgically,1
suministro,1
suggests,1
tin,1
tissues,1
todos,1
topics,1
towering,1
translate,1
transplanted,1
trauma,1
travesty,1
treatable,1
twombly,1
undergone,1
understandable,1
undramatic,1
unemployment,1
universitys,1
unrelenting,1
responsible,1
residences,1
marrying,1
obstructs,1
onion,1
omar,1
olney,1
olive,1
odd,1
occur,1
obstacle,1
nicols,1
obras,1
obligation,1
nyt,1
nuestros,1
nov,1
notable,1
onto,1
openly,1
operaciones,1
opposed,1
organize,1
organizing,1
orlistat,1
orthodontics,1
orthodontist,1
osteological,1
ounce,1
outcome,1
overplay,1
padre,1
pamela,1
paribas,1
parliamentary,1
nobody,1
newhart,1
pblico,1
messi,1
mile,1
mickey,1
methods,1
metformin,1
metalwork,1
metal,1
merchants,1
neurodegeneration,1
mentor,1
mebane,1
mazes,1
materia,1
mastering,1
massages,1
milled,1
milwaukee,1
misler,1
modifiable,1
mona,1
monarchy,1
monoclonal,1
mower,1
muellers,1
mullenlowe,1
murals,1
murkowski,1
nd,1
neglected,1
negotiate,1
nerve,1
networking,1
paternal,1
peebles,1
replies,1
reactions,1
recognizable,1
rechazar,1
recasting,1
recalls,1
rebuffed,1
reassured,1
reaccin,1
rain,1
raucously,1
ranks,1
random,1
rancho,1
ramping,1
ramped,1
recommend,1
recommendations,1
reconnecting,1
reconoce,1
recurring,1
redes,1
registries,1
regresar,1
regret,1
regulates,1
reinforcing,1
relaciones,1
relative,1
relentless,1
reliable,1
relying,1
remarkably,1
ralph,1
rabin,1
philosophy,1
pleased,1
pound,1
potable,1
possibly,1
pollard,1
poised,1
germanys,1
playground,1
quandaries,1
playa,1
plain,1
plague,1
piqu,1
pierogies,1
pictured,1
pregunta,1
preserved,1
pressing,1
pretext,1
prevalence,1
pride,1
principle,1
processes,1
prompted,1
prone,1
prop,1
proper,1
prosecutor,1
protective,1
publications,1
pusimos,1
quaker,1
gibson,1
latin,1
geriatrician,1
intentan,1
kimberlee,1
kerry,1
katz,1
kareem,1
justas,1
journals,1
journalist,1
johnson,1
jeans,1
jasper,1
jaryd,1
issued,1
irritant,1
iowa,1
investigative,1
invariably,1
interventions,1
king,1
laboratory,1
lados,1
litigator,1
magnified,1
madonna,1
loyal,1
losers,1
loeschner,1
loeb,1
locations,1
liga,1
laguna,1
lie,1
licensing,1
libel,1
lets,1
lenguaje,1
lays,1
lanky,1
interpersonal,1
integrated,1
bookkeeping,1
insulto,1
hobbit,1
historian,1
hillary,1
highbrow,1
hey,1
hesitating,1
heritage,1
hercios,1
hed,1
healthline,1
handwriting,1
handle,1
handedly,1
hacerlo,1
hacer,1
guidance,1
grieving,1
ian,1
ide,1
ignite,1
inked,1
instincts,1
inspiraron,1
insistence,1
insinuated,1
insights,1
inserted,1
insecurity,1
injurias,1
iheartmedia,1
initial,1
ingrained,1
infuriating,1
indicators,1
imprinted,1
importantes,1
implementacin,1
manufacturing,1
marcador,1
marlboro,1
marsha,1
packages,1
overwhelming,1
oversees,1
outlined,1
otros,1
oscillation,1
orleans,1
organizaciones,1
orders,1
opt,1
oppression,1
operator,1
officer,1
ofender,1
obscene,1
obie,1
nuevo,1
palabra,1
palabras,1
palisades,1
photo,1
pius,1
pitch,1
pintor,1
pins,1
pinned,1
pillar,1
physics,1
philanthropy,1
panush,1
period,1
perfecta,1
pedroza,1
passion,1
partners,1
parlamento,1
paradox,1
nueva,1
notre,1
notorious,1
metrics,1
mits,1
mitigation,1
mitali,1
missouri,1
missile,1
misrepresent,1
mirosia,1
methodist,1
mornings,1
mente,1
memento,1
meir,1
medicare,1
mcguirewoods,1
matthew,1
martn,1
morans,1
motor,1
notice,1
naming,1
noninvasive,1
nightmares,1
newsprint,1
neurology,1
netflix,1
neil,1
nears,1
mysteries,1
mouth,1
muro,1
mujeres,1
mujer,1
mucus,1
mtter,1
moving,1
movements,1
grief,1
greyhounds,1
greenhouse,1
dickie,1
create,1
covington,1
countrys,1
convicted,1
convergence,1
controversy,1
controlling,1
contra,1
contamination,1
contacted,1
construir,1
constituent,1
conspiracy,1
consideration,1
connected,1
conflagration,1
condominium,1
crime,1
criminals,1
criticizing,1
declaring,1
devoid,1
detention,1
descabelladas,1
depresin,1
dentro,1
deliver,1
decomposed,1
declaracin,1
cumpli,1
decisive,1
decimated,1
decades,1
debra,1
dairy,1
czar,1
curador,1
conceive,1
compromises,1
componindolos,1
buyer,1
checks,1
cheating,1
champion,1
casting,1
career,1
caparrs,1
canola,1
burly,1
childs,1
buffalo,1
bryant,1
bristled,1
bread,1
boyfriend,1
boutique,1
borrow,1
cheese,1
chip,1
complexity,1
cmara,1
completely,1
completed,1
comnmente,1
commons,1
colored,1
collections,1
cobra,1
clostridioides,1
chronicle,1
clinics,1
clients,1
clerking,1
clef,1
claude,1
circular,1
ciento,1
dice,1
diestra,1
greatly,1
dinero,1
flexible,1
flavor,1
fila,1
fewer,1
fervid,1
felony,1
feds,1
fascinating,1
fail,1
factory,1
faces,1
extra,1
exterior,1
exposed,1
exponentially,1
explores,1
explicamos,1
floor,1
forearm,1
forget,1
glued,1
greatest,1
grapeseed,1
grady,1
graduating,1
google,1
golfed,1
goggles,1
gavin,1
franklin,1
garden,1
furniture,1
frustrating,1
front,1
friedlander,1
frequencies,1
french,1
exigirle,1
exhumation,1
exhibiting,1
each,1
elevated,1
electroencephalogram,1
electrodes,1
election,1
elder,1
editorial,1
economic,1
drew,1
ella,1
dressed,1
dress,1
docent,1
diuretics,1
dished,1
directs,1
diplomtico,1
elewaut,1
elvis,1
exclusivity,1
erie,1
exclusive,1
excavate,1
exams,1
esperanza,1
espacios,1
espacial,1
escrbenos,1
episodes,1
embarked,1
environment,1
engagement,1
enema,1
emojis,1
emergency,1
emerged,1
embraces,1
planner,1
playhouse,1
plaza,1
belt,1
approve,1
apprehensive,1
anxious,1
anticipates,1
anselm,1
annina,1
annie,1
animals,1
angela,1
anesthetic,1
andy,1
anaplastic,1
amicus,1
alito,1
ailments,1
agencies,1
after,1
aristocrat,1
arrangements,1
array,1
attempt,1
beef,1
banning,1
bakalar,1
baikonur,1
autumn,1
autism,1
augment,1
attack,1
ascent,1
atribuy,1
astonishment,1
assessment,1
ass,1
ashamed,1
asesinatos,1
asesinato,1
afrobrasilea,1
advising,1
advantage,1
wakes,1
widened,1
whistle,1
western,1
wayman,1
warming,1
waning,1
wang,1
wafted,1
wild,1
vulnerabilidades,1
vounatsos,1
votes,1
vitamins,1
viewers,1
videollamadas,1
veto,1
widespread,1
wins,1
advancing,1
accounting,1
adamss,1
activista,1
activismo,1
activism,1
actividad,1
acres,1
acelerar,1
accountable,1
wonderful,1
accommodations,1
academies,1
abuse,1
abdul,1
xii,1
wyckoff,1
wood,1
beloved,1
billings,1
venezuela,1
binghamton,1
concentration,1
comunitarios,1
comunicacin,1
computer,1
completes,1
compatriotas,1
com,1
columnists,1
columnas,1
columna,1
collate,1
collar,1
cola,1
coffee,1
coat,1
clip,1
cleaners,1
concerns,1
conciertos,1
concludes,1
correccin,1
cry,1
crowdfunded,1
crews,1
crew,1
costly,1
cory,1
correspondent,1
continuity,1
concoction,1
context,1
consultants,1
constitutional,1
consequential,1
confirming,1
confined,1
conducting,1
ciudades,1
chunk,1
chronicler,1
bribing,1
burgeoning,1
buenaventura,1
buckingham,1
bryan,1
broker,1
broccoli,1
britton,1
branding,1
buying,1
bouquet,1
bossy,1
borders,1
blower,1
blockers,1
blender,1
biosciences,1
burlington,1
calculator,1
christmas,1
cattle,1
chorney,1
cherry,1
chemistry,1
charge,1
chanel,1
chaisson,1
celebrated,1
cat,1
calculus,1
casos,1
caso,1
cash,1
capture,1
capitol,1
cambodia,1
calligraphy,1
ver,1
veinte,1
podra,1
shocked,1
roni,1
rompiera,1
rogers,1
robot,1
rice,1
retirement,1
retelling,1
restaging,1
resolved,1
representatives,1
repeatedly,1
remove,1
remorse,1
remnants,1
relied,1
release,1
relaxed,1
rooftop,1
rosenbaum,1
ruiwen,1
sebastian,1
sherrie,1
shell,1
sharp,1
settlement,1
session,1
select,1
seeds,1
seaver,1
sake,1
searches,1
screened,1
screen,1
screaming,1
sawed,1
savings,1
sanitation,1
registry,1
regard,1
refraction,1
poverty,1
pretend,1
preservation,1
presence,1
preocupante,1
pravachol,1
pragmatic,1
practical,1
potassium,1
privilege,1
postulados,1
post,1
popularity,1
poor,1
ponemos,1
politically,1
poetic,1
preventing,1
prize,1
reflect,1
rakuten,1
referred,1
recklessness,1
reas,1
realize,1
ratones,1
rarest,1
ranges,1
quell,1
produce,1
qualities,1
putos,1
pursuits,1
psychology,1
prosecutions,1
pros,1
producing,1
shine,1
shouted,1
vehicle,1
showtime,1
tradicionales,1
tracy,1
tracked,1
track,1
tousart,1
toughening,1
tolerable,1
titans,1
tidy,1
throughout,1
thereafter,1
themed,1
thakrar,1
tethered,1
tenure,1
tendencies,1
technique,1
tradition,1
trainer,1
translational,1
undermine,1
urgent,1
unmarked,1
unlikeliest,1
unless,1
unjust,1
universities,1
unicorn,1
uncovered,1
trap,1
ultimate,1
ulcerative,1
u,1
turning,1
trim,1
tricorner,1
triaging,1
teaches,1
taxes,1
tanner,1
sonidos,1
starbucks,1
standout,1
stable,1
stabilize,1
squeeze,1
spokesman,1
southern,1
sober,1
stem,1
sniffed,1
slyly,1
slipped,1
sino,1
siblings,1
shuttles,1
shriver,1
starts,1
stemmed,1
tailors,1
suburb,1
tagged,1
tabletop,1
szymczak,1
symptoms,1
suit,1
sugars,1
sucediendo,1
stunning,1
stepson,1
strobe,1
stripes,1
streaming,1
stories,1
stone,1
stomach,1
sterols,1
boozy,1
blossoming,1
geriatric,1
engineer,1
excuses,1
excess,1
exceeding,1
examine,1
evolving,1
everyones,1
evento,1
evenings,1
ethiopias,1
estimation,1
estemos,1
esos,1
esas,1
erik,1
erealty,1
equally,1
enroll,1
exercised,1
exhumed,1
exigen,1
flying,1
foundations,1
fought,1
fossil,1
formerly,1
formal,1
fodder,1
flynn,1
flat,1
expansion,1
firmados,1
films,1
fianc,1
factor,1
extremely,1
expolicas,1
experiences,1
enlightened,1
endowment,1
bloomberg,1
endoscopic,1
discern,1
disappointingly,1
disappointed,1
directness,1
direction,1
dile,1
digging,1
dies,1
diabetic,1
dewey,1
deviated,1
deterrent,1
desired,1
designated,1
deposits,1
denise,1
demeaning,1
disco,1
discomfort,1
discussion,1
economics,1
endorsed,1
encouragement,1
encounters,1
empezar,1
embry,1
elicited,1
eli,1
duke,1
disharmony,1
due,1
drawn,1
drawers,1
doors,1
documentaries,1
divorce,1
disputed,1
foxborough,1
frantically,1
franz,1
fronterizo,1
jetliner,1
jefferies,1
jamestown,1
invitro,1
invites,1
investigating,1
inventory,1
intimate,1
intercontinental,1
intellectualism,1
ingredients,1
influence,1
inflammation,1
infect,1
inequities,1
indoor,1
indicting,1
jodi,1
joined,1
joiner,1
leaning,1
liar,1
leungs,1
lester,1
lessons,1
leno,1
leifheit,1
ledgers,1
le,1
josephine,1
laziest,1
lapis,1
lapels,1
lanzarlos,1
landscape,1
kram,1
kimberly,1
increasing,1
incarceration,1
improvement,1
gilliams,1
grove,1
greenwich,1
gravemarkers,1
grave,1
grab,1
gotshal,1
golden,1
giant,1
harassment,1
germany,1
generalized,1
gelato,1
gaud,1
gathered,1
funnel,1
fueron,1
haircut,1
harding,1
impropriety,1
hunter,1
implored,1
imploded,1
identity,1
identify,1
hysteric,1
hypoplasia,1
hunters,1
hubo,1
harmony,1
housekeeper,1
hospitalization,1
holy,1
historia,1
hijo,1
hiatus,1
hated,1
dembl,1
demanding,1
deje,1
cabeza,1
biloba,1
betsy,1
beth,1
berkeley,1
benz,1
bender,1
bench,1
bathroom,1
basement,1
bara,1
bandits,1
banda,1
baker,1
bagel,1
baers,1
bader,1
avoids,1
biomarkers,1
blanches,1
blue,1
bounty,1
brush,1
broad,1
briefs,1
bret,1
breakthrough,1
braintree,1
bragg,1
bottom,1
bnp,1
bottling,1
bottino,1
bored,1
borderline,1
boonshoft,1
boobs,1
boasted,1
aversion,1
authorization,1
attributable,1
advocate,1
alert,1
akin,1
airtight,1
agent,1
agencys,1
affiliated,1
affection,1
advirti,1
alivecor,1
admire,1
administracin,1
acuity,1
acuerdos,1
acompaada,1
accountability,1
accin,1
alitos,1
allowing,1
atraparon,1
aquello,1
astrazeneca,1
associations,1
aspects,1
aside,1
artista,1
artculo,1
arm,1
aprs,1
alternatives,1
angry,1
anestsico,1
anatomical,1
anathema,1
amusing,1
amounts,1
amazons,1
bullet,1
calculan,1
decorative,1
calculated,1
creates,1
cranial,1
craft,1
courts,1
counter,1
counselor,1
copake,1
coordinators,1
convened,1
controller,1
contrarian,1
contains,1
consultas,1
console,1
consistent,1
confirms,1
conference,1
creature,1
critic,1
critically,1
daughters,1
decks,1
decked,1
decir,1
decamped,1
debated,1
daytime,1
dave,1
datchet,1
crowdfunding,1
daphne,1
daos,1
cycle,1
cy,1
cuts,1
cute,1
crucial,1
compagni,1
communicate,1
colonize,1
car,1
celebrities,1
cedars,1
cautious,1
catorce,1
cast,1
cardiologists,1
cardiologist,1
captain,1
cessation,1
capable,1
canvas,1
cancers,1
campus,1
campaigns,1
camera,1
calvin,1
cellular,1
challenging,1
collins,1
classification,1
collector,1
colgate,1
cogni,1
coast,1
cnn,1
clues,1
cleaning,1
citizen,1
chasing,1
circumferential,1
cinco,1
ciencia,1
chosen,1
chinese,1
childcare,1
check,1
liberties,1
likened,1
likewise,1
versions,1
transmit,1
transferring,1
transactional,1
traders,1
tracking,1
toxicity,1
toby,1
tipped,1
thursday,1
thief,1
theyve,1
theresa,1
the,1
tenga,1
tenemos,1
teaching,1
targets,1
trata,1
trescientos,1
triumph,1
urinary,1
vernon,1
ventures,1
vedanta,1
vaticinar,1
varias,1
ut,1
usan,1
uptown,1
truths,1
unin,1
unified,1
undone,1
unclaimed,1
tuit,1
tuesby,1
tubes,1
tames,1
talent,1
tabulated,1
shock,1
smyth,1
smart,1
smallest,1
skulls,1
situated,1
shrewsbury,1
shot,1
shizhong,1
sniff,1
shippensburg,1
sheets,1
shawn,1
settle,1
serie,1
sending,1
seminole,1
snc,1
solomon,1
tablecloths,1
strategies,1
t,1
suspended,1
summed,1
sugar,1
stutman,1
stubhub,1
streets,1
straightened,1
sounded,1
sticking,1
stalwart,1
stagings,1
staffers,1
sprinter,1
splawn,1
spectrum,1
veronica,1
view,1
seizing,1
voto,1
audition,1
attempting,1
atraco,1
asylum,1
assignment,1
assessments,1
assemblage,1
aspyrian,1
architectural,1
arcade,1
aprobada,1
approaches,1
applying,1
apenas,1
antidepressants,1
anthropologist,1
animal,1
authentically,1
autores,1
avala,1
bestselling,1
blazed,1
blanche,1
biogens,1
billy,1
billing,1
bienvenido,1
beverage,1
besides,1
awarded,1
bendicin,1
beauty,1
basquiats,1
basis,1
barnes,1
bandage,1
bacteria,1
analyzing,1
amphitheater,1
amid,1
wildfires,1
yoga,1
yearbook,1
wounded,1
wondered,1
woes,1
wisteria,1
window,1
welded,1
zurdo,1
welcome,1
weisberger,1
weill,1
weaving,1
wayne,1
warrant,1
vroomed,1
youth,1
abbe,1
amassed,1
adviser,1
alto,1
alta,1
allergan,1
algorithmic,1
agua,1
afectadas,1
advocated,1
advised,1
accompanying,1
adopting,1
addiction,1
adapt,1
acquisitions,1
acknowledged,1
accuracy,1
accumulates,1
sellers,1
securities,1
linear,1
perry,1
objective,1
nuisance,1
nuestro,1
nova,1
norman,1
nope,1
nonfiction,1
nieces,1
neural,1
networked,1
nestled,1
negative,1
musk,1
mucha,1
monthslong,1
monroe,1
moby,1
obtain,1
offered,1
officiant,1
owl,1
pensaras,1
peer,1
paulina,1
pat,1
partnerships,1
pacing,1
oxford,1
overuse,1
olympics,1
overnight,1
outings,1
orphans,1
order,1
openbiomes,1
oneills,1
once,1
misterioso,1
mirrors,1
militarys,1
lowell,1
mali,1
mainstay,1
lyre,1
lyon,1
lying,1
lyft,1
loyola,1
loves,1
mannix,1
lots,1
loose,1
location,1
litigation,1
litigates,1
listeners,1
list,1
manera,1
manoa,1
milano,1
mediados,1
mexicanos,1
messages,1
mentions,1
menos,1
melissa,1
medio,1
medicamentos,1
meat,1
mantener,1
meals,1
mclean,1
matching,1
marries,1
marks,1
marked,1
margin,1
perdonar,1
philadelphians,1
secretos,1
physicians,1
rey,1
retrofitting,1
restitution,1
responsabiliz,1
respect,1
resource,1
resonated,1
resolutions,1
residence,1
request,1
repeat,1
repair,1
relieve,1
regulatory,1
regreso,1
registered,1
regency,1
reynolds,1
rhythms,1
rick,1
salesman,1
seconds,1
season,1
seal,1
screenings,1
scenario,1
saturday,1
satirical,1
salads,1
robust,1
saddled,1
ruskin,1
ruining,1
row,1
roughly,1
rouge,1
roger,1
refurbished,1
reflected,1
refine,1
portrait,1
prescriptions,1
premiere,1
predate,1
precise,1
pouring,1
postponed,1
positivos,1
polticos,1
principal,1
polish,1
plotting,1
planet,1
pittsburgh,1
pipe,1
picnics,1
picasso,1
princeton,1
profound,1
red,1
purporting,1
realen,1
rave,1
rap,1
ranking,1
range,1
radiologist,1
qualified,1
punto,1
progression,1
punta,1
pulling,1
psycho,1
providing,1
proulx,1
pronunciarla,1
pronsticos,1
cubbyhole,1
custom,1
cutout,1
nightmare,1
oranges,1
orange,1
optix,1
oposicin,1
onu,1
officiate,1
obviate,1
obscure,1
nursing,1
numerous,1
numbered,1
noxious,1
norte,1
normalidad,1
nonmedical,1
noble,1
nobel,1
orbit,1
ordered,1
outdated,1
partys,1
plantea,1
pickup,1
persuaded,1
peas,1
paula,1
paso,1
pasa,1
partir,1
outsourced,1
parallels,1
papers,1
paired,1
paige,1
pacific,1
overturn,1
overseen,1
nitwit,1
neuropsychiatrist,1
cycling,1
negociaciones,1
mindful,1
militares,1
migr,1
mickalene,1
meticulously,1
messaging,1
meats,1
mcknight,1
massachusetts,1
maree,1
manufacturer,1
manufactured,1
manner,1
mammoth,1
malloy,1
majority,1
lung,1
mink,1
mirar,1
misguided,1
naples,1
negativa,1
nebraska,1
nearing,1
navy,1
nationwide,1
nast,1
narcotraficante,1
nails,1
misma,1
musician,1
multisite,1
mueller,1
mud,1
mont,1
molires,1
modo,1
playing,1
podemos,1
pointing,1
popping,1
retina,1
resuelto,1
rests,1
restroom,1
resting,1
required,1
representantes,1
reminds,1
remembering,1
remarried,1
religion,1
relativity,1
reinterment,1
reino,1
reimagining,1
regulation,1
regime,1
return,1
revved,1
richly,1
satellites,1
senado,1
sects,1
screwed,1
scorers,1
scarring,1
scarred,1
scandal,1
saqueos,1
richmond,1
saatchi,1
rugged,1
rowe,1
routine,1
roomie,1
robinson,1
ridley,1
refrendo,1
reduction,1
recurrent,1
preschool,1
professionals,1
productos,1
prized,1
privately,1
primarily,1
presente,1
prescribed,1
preparedness,1
progresses,1
predicting,1
precision,1
pravastatin,1
pratt,1
powers,1
posture,1
posh,1
profitable,1
promising,1
recording,1
quit,1
recommends,1
rawness,1
rand,1
rail,1
radiohole,1
racist,1
racing,1
quiet,1
proposes,1
purpose,1
punk,1
publishing,1
psychiatry,1
proved,1
protestas,1
propulsive,1
lunch,1
loving,1
louise,1
habran,1
finals,1
filers,1
filed,1
figures,1
festival,1
fellowship,1
fellow,1
febrero,1
features,1
fe,1
fault,1
faster,1
falling,1
extensin,1
expresamos,1
exhibits,1
executing,1
fixing,1
flow,1
floyd,1
genzlinger,1
guidelines,1
guess,1
grooming,1
gretchen,1
gregory,1
glucose,1
gingerly,1
generating,1
flurry,1
gastroenterology,1
frantic,1
francesco,1
foster,1
forgotten,1
forgave,1
foolproof,1
exclusionary,1
everyday,1
evasion,1
dreamgirls,1
elctricos,1
elaine,1
elaborate,1
earliest,1
dura,1
drummer,1
driving,1
draw,1
elevator,1
doctrine,1
dna,1
divorcio,1
disturbed,1
distributor,1
disrupted,1
disrupt,1
electro,1
eliminating,1
ethical,1
entrepreneur,1
estacin,1
especial,1
espaa,1
escalate,1
errneo,1
erica,1
envelope,1
enthusiastic,1
emanu,1
enjoyment,1
engines,1
engineers,1
engage,1
enemistados,1
endocrinology,1
embedded,1
gutis,1
hacia,1
logistically,1
hacking,1
labor,1
ky,1
kobe,1
kills,1
ketamine,1
kennedy,1
joining,1
jodie,1
jiatong,1
jewish,1
jesse,1
jan,1
jake,1
iteration,1
isabel,1
intentaron,1
intensificar,1
laffaire,1
lamented,1
largely,1
leprosy,1
literatura,1
liquids,1
limousines,1
limbo,1
lighting,1
liderada,1
levine,1
lengua,1
larkspur,1
legacy,1
leemos,1
lebanese,1
lawyers,1
launched,1
launch,1
accept,1
insiste,1
innovative,1
initiative,1
hearst,1
hilarious,1
higbees,1
hesitate,1
hellerstein,1
heinrichs,1
height,1
hechas,1
healed,1
histrica,1
hba,1
hazmat,1
hazardous,1
harker,1
harder,1
harbors,1
handles,1
hint,1
holiday,1
infusion,1
images,1
informatics,1
industriousness,1
indonesias,1
incredulous,1
incapaz,1
improperios,1
impossible,1
illustration,1
howard,1
illuminating,1
identifying,1
hyperregulation,1
hungered,1
hug,1
huei,1
hoy,1
seniors,1
sensed,1
separately,1
disclose,1
crier,1
crenezumab,1
creditcreditskeletal,1
couples,1
cope,1
contracted,1
continuum,1
contextualization,1
containing,1
contained,1
consuming,1
confirmed,1
cond,1
conception,1
complains,1
compiling,1
competed,1
crumbled,1
cuentos,1
curves,1
derechos,1
diccionario,1
diagonal,1
devotees,1
devil,1
develops,1
destellos,1
descendants,1
dependiendo,1
dagostino,1
demonstrate,1
deficiencies,1
defamation,1
dedicated,1
decorate,1
declar,1
daytona,1
committees,1
colon,1
cohens,1
brand,1
burn,1
bulls,1
bsica,1
broadcast,1
bringing,1
breaks,1
breach,1
boyden,1
campeones,1
bowel,1
borden,1
blinded,1
bisexual,1
billions,1
bias,1
benglis,1
caa,1
campers,1
climb,1
charm,1
click,1
clause,1
cite,1
citadel,1
circling,1
chuck,1
chinchiolo,1
chandelier,1
canvases,1
celebrations,1
celebrating,1
cautioned,1
caryn,1
cartel,1
carried,1
carpet,1
difficulty,1
discouraging,1
bel,1
disdained,1
flashes,1
fiscal,1
financiamiento,1
finalizes,1
figuring,1
ficcin,1
fiber,1
fellows,1
favoring,1
fatigue,1
fast,1
fascination,1
farmer,1
familiar,1
fallen,1
failure,1
facts,1
fledged,1
flinches,1
flirted,1
games,1
georges,1
genomic,1
genetics,1
gender,1
gear,1
garde,1
gan,1
galveston,1
focusing,1
gaining,1
funeral,1
fueled,1
frustration,1
fragments,1
formed,1
force,1
facility,1
extent,1
extensive,1
dry,1
enhanced,1
empathic,1
elf,1
electric,1
eighth,1
easier,1
ear,1
drum,1
epstein,1
doubled,1
domestic,1
dogs,1
dix,1
divided,1
distinction,1
disrepair,1
epidemiologist,1
equipment,1
expressions,1
exactly,1
explora,1
explicit,1
explanation,1
explain,1
exceptional,1
examining,1
examined,1
evidenci,1
erosion,1
everybodys,1
evade,1
eugene,1
esto,1
escasos,1
escalated,1
error,1
believes,1
beings,1
servicemembers,1
twenty,1
terrible,1
tercios,1
temporary,1
tema,1
teams,1
tapped,1
tallied,1
tall,1
tackling,1
tabulate,1
supremacist,1
suppose,1
supply,1
supo,1
supervisor,1
supervising,1
superstars,1
tervaert,1
thanked,1
theatermaker,1
tract,1
tuning,1
trumps,1
trombone,1
trillions,1
triebitz,1
tramit,1
tragedy,1
tornado,1
theaters,1
tissue,1
tiny,1
tiller,1
tiene,1
thyroid,1
throat,1
thoughtful,1
summa,1
sugerencias,1
substitute,1
signs,1
sniped,1
smartphone,1
slept,1
sleepy,1
situations,1
simpatice,1
sigue,1
shots,1
socioeconomic,1
shop,1
shelves,1
shameful,1
shaky,1
shabbiest,1
servir,1
servicio,1
sociedad,1
solution,1
studied,1
steamrolling,1
student,1
structured,1
strings,1
strikingly,1
stretch,1
strain,1
stimuli,1
statistical,1
songwriter,1
statement,1
stagedoor,1
sprint,1
spirited,1
specialty,1
spare,1
span,1
turns,1
unblemished,1
beeman,1
uncalled,1
anime,1
anemia,1
ancient,1
analysts,1
analiza,1
ambulance,1
ambos,1
amazement,1
alyssa,1
alguna,1
alerta,1
alaska,1
alarming,1
ailing,1
affiliations,1
admitted,1
admit,1
announcement,1
antibody,1
anyway,1
bagehot,1
beans,1
battle,1
bars,1
barcelona,1
barbed,1
banned,1
ballistic,1
automate,1
aplazamiento,1
augmenting,1
auditor,1
atrocity,1
asthma,1
aspiring,1
artistic,1
appleton,1
adentrarnos,1
acusarlo,1
act,1
verlo,1
waggin,1
volume,1
villains,1
views,1
videos,1
vida,1
victims,1
utah,1
warhols,1
urging,1
urges,1
uproar,1
unwilling,1
unsigned,1
unpleasant,1
underneath,1
walls,1
weighing,1
acreage,1
writers,1
acknowledge,1
achieved,1
accurate,1
accepted,1
abcs,1
zeroed,1
yenta,1
wrestling,1
weird,1
wow,1
wonders,1
wonder,1
wisconsins,1
wipes,1
winn,1
wheel,1
displayed,1
dismissive,1
disgusting,1
nantucket,1
mediterranean,1
medicines,1
mechanisms,1
mechanics,1
meb,1
mcmahon,1
mayora,1
matisse,1
math,1
masacres,1
mapplethorpe,1
manohla,1
mammograms,1
majoritys,1
madly,1
lynda,1
luck,1
melancholy,1
metabolic,1
meter,1
montgomery,1
mysterious,1
mushroom,1
muerto,1
mouse,1
mounted,1
mooney,1
montreal,1
monitor,1
miasma,1
monarch,1
mommy,1
moma,1
mitchells,1
miscreants,1
mike,1
migrants,1
lowered,1
lottery,1
literary,1
jetblack,1
kerr,1
kendall,1
kay,1
karl,1
justicia,1
judicial,1
josh,1
jacket,1
khanna,1
interrupted,1
interfere,1
integral,1
insulin,1
instructions,1
institution,1
instinto,1
keystrokes,1
kicked,1
literalist,1
leernos,1
listing,1
lisa,1
lipids,1
lightweight,1
lifes,1
ley,1
legend,1
leavin,1
killing,1
leasing,1
learn,1
lately,1
larry,1
lansdale,1
kolste,1
klasco,1
na,1
nathan,1
install,1
neighbors,1
preferred,1
precincts,1
pp,1
poultry,1
pottery,1
potent,1
positiva,1
poo,1
pontificate,1
play,1
platforms,1
platform,1
plants,1
piss,1
pills,1
pill,1
physiology,1
prescribing,1
presenting,1
presidente,1
prosecutors,1
queremos,1
quarters,1
publishes,1
psychologist,1
psychological,1
provider,1
protagonistas,1
proprietary,1
pressley,1
proposed,1
proceedings,1
privileged,1
privacy,1
price,1
previews,1
pressures,1
physiological,1
persuasively,1
perfectly,1
obsolete,1
opining,1
opinin,1
operas,1
oncology,1
oldest,1
occasion,1
obviously,1
obligatory,1
orpheum,1
oakland,1
numbers,1
notwithstanding,1
newhouse,1
nevertheless,1
neuropsychologist,1
nerves,1
orphan,1
osteoarthritis,1
peor,1
pasado,1
penalties,1
peak,1
pbs,1
pave,1
pathways,1
pasta,1
passengers,1
partieron,1
osteologist,1
participated,1
parlamentarios,1
paradise,1
pancake,1
oxidized,1
oversaw,1
out,1
instancias,1
inspiration,1
quick,1
fatty,1
encouraging,1
empowerment,1
emissions,1
emerging,1
emboscada,1
elon,1
eligible,1
elementary,1
elegy,1
efficiency,1
editorially,1
edge,1
eccentrics,1
earbuds,1
dynasty,1
dunham,1
dug,1
enero,1
entertainment,1
enticing,1
exhaustive,1
fan,1
faiths,1
fairly,1
faded,1
extract,1
expresin,1
explained,1
exercisers,1
entretiene,1
excerpts,1
everest,1
ethics,1
estaremos,1
estadounidense,1
espacio,1
erskine,1
dubois,1
drove,1
droga,1
deficit,1
devastation,1
detect,1
depicting,1
depend,1
denigrante,1
denial,1
deluded,1
decorated,1
diagnoses,1
declare,1
declaration,1
decenter,1
dearth,1
deadly,1
dargis,1
dance,1
devotion,1
difference,1
dragon,1
distributes,1
dosis,1
donovan,1
donor,1
donald,1
dizzying,1
dizzy,1
diverse,1
distribute,1
diga,1
distort,1
dispute,1
disputar,1
disorder,1
disgruntled,1
disastrous,1
dio,1
fared,1
featured,1
innocent,1
feb,1
hillel,1
hiked,1
hero,1
herido,1
helmonds,1
hell,1
heavy,1
hayward,1
hawaii,1
hasten,1
haste,1
harness,1
hanging,1
hamptons,1
halfway,1
hacernos,1
hablar,1
hired,1
holder,1
homemade,1
importante,1
inglaterra,1
inform,1
infections,1
inert,1
individualized,1
inconclusive,1
impulso,1
implicitly,1
hook,1
implanted,1
imagnate,1
ilhan,1
idyllic,1
hosts,1
hospitals,1
hospitalized,1
guitar,1
grudging,1
greenvale,1
flexibles,1
fresno,1
freezers,1
france,1
forever,1
folks,1
folk,1
folds,1
flex,1
frier,1
fleeing,1
figuratively,1
fertilization,1
ferrous,1
female,1
feeling,1
fecha,1
fretted,1
frightening,1
gray,1
goles,1
gravitas,1
grapefruit,1
grants,1
grains,1
grads,1
governance,1
gossip,1
goldman,1
funnily,1
glamour,1
gaze,1
gas,1
gallerys,1
gales,1
gain,1
gailey,1
quest,1
raises,1
discusin,1
carbs,1
bernard,1
begins,1
begin,1
bedeviled,1
bed,1
beamed,1
battled,1
barr,1
barely,1
backs,1
aval,1
avail,1
austin,1
aumentaron,1
attracts,1
atlas,1
astronauts,1
bioethics,1
biologically,1
blitz,1
bottled,1
calendar,1
calcium,1
buscar,1
breaches,1
bravuconadas,1
bower,1
bouts,1
bothered,1
bloquear,1
bosses,1
borradora,1
bootsie,1
boost,1
bonnie,1
bohemian,1
bob,1
astounding,1
assisted,1
assignments,1
acquaintances,1
aeronautics,1
aerobic,1
advisors,1
adorned,1
adequate,1
adaptly,1
adapted,1
aches,1
ahrc,1
accenture,1
abroad,1
abide,1
abdominal,1
abandon,1
yield,1
yadro,1
affliction,1
aiming,1
assigned,1
appreciative,1
assad,1
ashley,1
arden,1
archives,1
archaeology,1
arbus,1
appropriately,1
apa,1
aircraft,1
antojo,1
annus,1
anger,1
anesthesiology,1
ammann,1
allowed,1
alcohol,1
camilla,1
caretaker,1
worldview,1
carpenter,1
danville,1
damian,1
damage,1
curtain,1
crtico,1
crtica,1
crown,1
courtship,1
courted,1
cosmdromo,1
corps,1
core,1
coquettish,1
convivencia,1
conveyor,1
controls,1
contents,1
das,1
davita,1
dean,1
designation,1
disapproval,1
disappeared,1
disabling,1
dining,1
differing,1
devoted,1
detenido,1
deputy,1
deciliter,1
depends,1
dependen,1
dental,1
demoiselles,1
defrauded,1
deduced,1
deco,1
constante,1
conmemorado,1
confrontations,1
centers,1
chris,1
choir,1
chesapeake,1
cheryl,1
chavira,1
challenged,1
chair,1
centaur,1
clearing,1
celebrity,1
casually,1
casts,1
casi,1
carter,1
carrot,1
carroll,1
christian,1
clic,1
conductors,1
comment,1
condemning,1
concerned,1
concejala,1
complexities,1
communicative,1
commissioned,1
commingle,1
colorful,1
coach,1
collaborations,1
collaborating,1
colitis,1
coincidentally,1
coincide,1
cognition,1
coca,1
wright,1
workshy,1
randee,1
specialist,1
semester,1
seguimiento,1
sede,1
sealed,1
scurvy,1
screening,1
scholarly,1
scenes,1
scar,1
scalp,1
samantha,1
salvador,1
salem,1
sadder,1
runs,1
roughened,1
ronald,1
sensibly,1
separacin,1
september,1
skeleton,1
sources,1
sorts,1
solutions,1
solons,1
smoking,1
slighter,1
skiers,1
sixth,1
serpell,1
sister,1
sickafooses,1
shroud,1
shoechallenge,1
shira,1
setback,1
serra,1
romeo,1
rohit,1
rods,1
reflects,1
relocated,1
reliance,1
releases,1
relatable,1
reinjured,1
regular,1
regina,1
reductions,1
removes,1
recipe,1
recientes,1
recibe,1
ready,1
reacciones,1
raymond,1
ray,1
remark,1
renji,1
robbed,1
rethinking,1
riviera,1
riddle,1
revelatory,1
retrospectiva,1
retrofit,1
retrieve,1
retrasar,1
rethink,1
republicana,1
resurgent,1
responden,1
respectful,1
respected,1
residents,1
reselling,1
repunte,1
southwest,1
specifically,1
workload,1
spectacular,1
upgraded,1
unstable,1
unpretentious,1
unparalleled,1
underscore,1
unapologetic,1
ucla,1
tweeted,1
tuned,1
trudged,1
trier,1
tree,1
treated,1
traumatic,1
transactions,1
trainee,1
toxins,1
usefulness,1
v,1
valedictorian,1
westwood,1
wise,1
winston,1
wilson,1
wills,1
wildly,1
widowed,1
whereby,1
wennekamp,1
vanderweil,1
website,1
weak,1
watch,1
wasted,1
volverse,1
viruses,1
violencia,1
tire,1
tillis,1
tierra,1
stephanie,1
suggesting,1
successor,1
subjects,1
strobes,1
strength,1
storrs,1
stilettos,1
steals,1
surgical,1
standardized,1
stale,1
squirt,1
spiritually,1
spiritual,1
spikes,1
spends,1
super,1
surname,1
thunderstorm,1
technologies,1
throw,1
thorough,1
theatermaking,1
texting,1
tennis,1
tend,1
temple,1
task,1
swimming,1
tantas,1
tangles,1
talks,1
synthesize,1
synonymous,1
symbolizes,1
swing,1
zelen,1
